Unnamed: 0,timestamp,timezone,humidity,pm_2_5,pm_2_5_sp,temperature
0,2022-03-10 07:00:00.000,Asia/Bangkok,68.92553889479275,13.37406340057637,13.37463976945245,29.99599362380449
1,2022-03-11 07:00:00.000,Asia/Bangkok,,17.1076512455516,17.19395017793594,
2,2022-03-30 07:00:00.000,Asia/Bangkok,,20.19756097560976,20.9780487804878,
3,2022-03-31 07:00:00.000,Asia/Bangkok,,10.81267217630854,10.9504132231405,
4,2022-04-13 07:00:00.000,Asia/Bangkok,,35.19121734296832,39.82267926625903,
5,2022-04-14 07:00:00.000,Asia/Bangkok,,34.74657125819917,39.02683363148479,
6,2022-04-15 07:00:00.000,Asia/Bangkok,,30.41066666666667,33.26019047619047,
7,2022-04-16 07:00:00.000,Asia/Bangkok,,27.97809377401999,29.25518831667948,
8,2022-04-17 07:00:00.000,Asia/Bangkok,100.0,27.54179566563467,28.45820433436533,-5.389170363797599
9,2022-04-18 07:00:00.000,Asia/Bangkok,100.0,26.51042092357989,28.08173273395995,-5.389999999999993
10,2022-04-19 07:00:00.000,Asia/Bangkok,,25.56264682850431,26.35003915426782,
11,2022-04-20 07:00:00.000,Asia/Bangkok,,17.52640783490731,17.72962574326688,
12,2022-04-21 07:00:00.000,Asia/Bangkok,,14.3301775147929,14.36094674556213,
13,2022-04-22 07:00:00.000,Asia/Bangkok,,11.43855606758833,11.49539170506912,
14,2022-04-23 07:00:00.000,Asia/Bangkok,,8.36890595009597,8.36890595009597,
15,2022-04-24 07:00:00.000,Asia/Bangkok,,11.04275862068966,11.04275862068966,
16,2022-04-30 07:00:00.000,Asia/Bangkok,,15.69230769230769,15.71005917159763,
17,2022-05-01 07:00:00.000,Asia/Bangkok,,17.26525054466231,18.29193899782135,
18,2022-05-02 07:00:00.000,Asia/Bangkok,,10.31073703366697,10.31847133757962,
19,2022-05-03 07:00:00.000,Asia/Bangkok,,12.87457191780822,13.21703767123288,
20,2022-05-04 07:00:00.000,Asia/Bangkok,,9.49924924924925,9.571696696696696,
21,2022-05-05 07:00:00.000,Asia/Bangkok,,11.34183673469388,11.37362637362637,
22,2022-05-06 07:00:00.000,Asia/Bangkok,,11.32476993865031,11.33703987730061,
23,2022-05-07 07:00:00.000,Asia/Bangkok,,13.55747789311803,13.81776239907728,
24,2022-05-08 07:00:00.000,Asia/Bangkok,,16.95519262981574,17.56155778894473,
25,2022-05-09 07:00:00.000,Asia/Bangkok,,12.88931591083782,12.92159877017679,
26,2022-05-10 07:00:00.000,Asia/Bangkok,,5.863723608445298,5.863723608445298,
27,2022-05-11 07:00:00.000,Asia/Bangkok,,13.15518441196938,13.22999304105776,
28,2022-05-12 07:00:00.000,Asia/Bangkok,,14.56825657894737,14.67680921052632,
29,2022-05-13 07:00:00.000,Asia/Bangkok,,15.74350779065122,15.76228525769077,
30,2022-05-14 07:00:00.000,Asia/Bangkok,,12.50214408233276,12.50857632933105,
31,2022-05-15 07:00:00.000,Asia/Bangkok,,7.684759916492693,7.684759916492693,
32,2022-05-16 07:00:00.000,Asia/Bangkok,,6.547357926221336,6.547357926221336,
33,2022-05-17 07:00:00.000,Asia/Bangkok,,6.025700038358266,6.065209052550824,
34,2022-05-18 07:00:00.000,Asia/Bangkok,,3.187687045746045,3.187687045746045,
35,2022-05-19 07:00:00.000,Asia/Bangkok,,10.99116743471582,11.03456221198157,
36,2022-05-20 07:00:00.000,Asia/Bangkok,,8.106211656441717,8.106211656441717,
37,2022-05-21 07:00:00.000,Asia/Bangkok,,7.597701149425287,7.700766283524904,
38,2022-05-22 07:00:00.000,Asia/Bangkok,,8.267762203963267,8.269212179797004,
39,2022-05-23 07:00:00.000,Asia/Bangkok,,5.61488300728807,5.61488300728807,
40,2022-05-24 07:00:00.000,Asia/Bangkok,,4.554451166810717,4.571737251512532,
41,2022-05-25 07:00:00.000,Asia/Bangkok,,9.366143240137879,9.366143240137879,
42,2022-05-26 07:00:00.000,Asia/Bangkok,,7.41573994867408,7.41830624465355,
43,2022-05-27 07:00:00.000,Asia/Bangkok,,5.230062832286128,5.231029482841953,
44,2022-05-28 07:00:00.000,Asia/Bangkok,,2.425296442687747,2.426086956521739,
45,2022-05-29 07:00:00.000,Asia/Bangkok,72.42314605133272,4.44502985598876,4.445381102915349,27.87902764067131
46,2022-05-30 07:00:00.000,Asia/Bangkok,75.88547753472207,4.600347222222222,4.613194444444445,27.42601736111108
47,2022-05-31 07:00:00.000,Asia/Bangkok,74.7353411243913,6.379814077025232,6.389110225763612,28.07229305002212
48,2022-06-01 07:00:00.000,Asia/Bangkok,67.6748677203421,5.447378207512086,5.447378207512086,29.57055782818881
49,2022-06-02 07:00:00.000,Asia/Bangkok,68.19797258512858,6.229325920778319,6.23002084781098,29.57566018068104
50,2022-06-03 07:00:00.000,Asia/Bangkok,64.88454431699684,5.537712895377129,5.555092109836635,29.91071254779287
51,2022-06-04 07:00:00.000,Asia/Bangkok,67.32035464024999,10.94925269377824,11.1936044490789,30.44096628432395
52,2022-06-05 07:00:00.000,Asia/Bangkok,73.50418814719713,9.248181429182713,9.600342319212666,28.44037655113395
53,2022-06-06 07:00:00.000,Asia/Bangkok,74.60165172811058,6.544162826420891,6.546850998463902,28.29812211981564
54,2022-06-07 07:00:00.000,Asia/Bangkok,70.93441260854468,8.590830149357416,8.771795762417506,28.79591524835014
55,2022-06-08 07:00:00.000,Asia/Bangkok,69.54229035824837,10.61432994250332,10.89783281733746,29.34468819106585
56,2022-06-09 07:00:00.000,Asia/Bangkok,75.32963134073472,7.779248505550811,7.786507258753202,27.81206233988049
57,2022-06-10 07:00:00.000,Asia/Bangkok,73.32504071274295,11.50611951043916,12.34341252699784,29.24309935205181
58,2022-06-11 07:00:00.000,Asia/Bangkok,72.75362744621785,8.348022206800833,8.481956974323387,28.47497571131153
59,2022-06-12 07:00:00.000,Asia/Bangkok,70.21584066736179,4.943343760862009,4.943343760862009,28.5420611748349
60,2022-06-13 07:00:00.000,Asia/Bangkok,74.8541240708579,8.947203890239667,8.947551233067037,28.48269538034042
61,2022-06-14 07:00:00.000,Asia/Bangkok,74.8515222916668,7.321180555555555,7.321527777777778,28.64191319444446
62,2022-06-15 07:00:00.000,Asia/Bangkok,77.19247708422368,10.17315091919624,10.29115006412997,28.26307396323219
63,2022-06-16 07:00:00.000,Asia/Bangkok,77.14459783641186,23.16253298153034,23.71820580474934,27.99909762532984
64,2022-06-17 07:00:00.000,Asia/Bangkok,70.99870226883554,13.31378424657534,13.33176369863014,29.3379794520548
65,2022-06-18 07:00:00.000,Asia/Bangkok,76.03131364507472,16.34802606362591,16.78382522039096,28.25472594863938
66,2022-06-19 07:00:00.000,Asia/Bangkok,72.31890510752693,19.90207373271889,21.13287250384025,28.93026881720418
67,2022-06-20 07:00:00.000,Asia/Bangkok,70.94038777777774,9.948792270531401,9.979227053140097,29.12833333333326
68,2022-06-21 07:00:00.000,Asia/Bangkok,75.59213498084286,10.31264367816092,10.32107279693487,28.4845900383142
69,2022-06-22 07:00:00.000,Asia/Bangkok,71.68935449735459,5.798941798941799,5.798941798941799,29.15807936507932
70,2022-06-23 07:00:00.000,Asia/Bangkok,68.46489237839911,8.369207200306397,8.943316736882421,29.66070471083869
71,2022-06-24 07:00:00.000,Asia/Bangkok,74.98866102813473,7.930531434525877,7.933310177144842,27.76768669676959
72,2022-06-25 07:00:00.000,Asia/Bangkok,70.13576089108909,5.237623762376238,5.237623762376238,27.95539603960398
73,2022-06-27 07:00:00.000,Asia/Bangkok,76.76922331002366,13.45314685314685,13.72074592074592,27.95620512820517
74,2022-06-28 07:00:00.000,Asia/Bangkok,76.31070037088561,25.60686138154845,27.62494204914233,29.10254520166899
75,2022-06-29 07:00:00.000,Asia/Bangkok,72.49863380009657,18.45678416224046,18.65475615644616,29.19401738290683
76,2022-06-30 07:00:00.000,Asia/Bangkok,66.87565853319433,8.70038234271811,8.75634341327772,30.17041362530408
77,2022-07-01 07:00:00.000,Asia/Bangkok,76.77088529411763,7.485859728506787,7.488122171945701,27.65187217194574
78,2022-07-02 07:00:00.000,Asia/Bangkok,78.0194757731959,17.39175257731959,17.43298969072165,28.45510309278351
79,2022-07-05 07:00:00.000,Asia/Bangkok,77.01944735605186,9.394082840236686,10.09753231492362,27.15108108108112
80,2022-07-06 07:00:00.000,Asia/Bangkok,73.00520961248108,7.908404630095622,7.910920986411676,28.91354806240564
81,2022-07-07 07:00:00.000,Asia/Bangkok,77.23238349367087,10.25367088607595,10.29215189873418,28.62850126582275
82,2022-07-08 07:00:00.000,Asia/Bangkok,73.31002817171343,26.25833652740513,28.18014564967421,29.81985051743967
83,2022-07-09 07:00:00.000,Asia/Bangkok,71.9442076637825,17.83724763081994,18.00247218788628,29.69983930778744
84,2022-07-10 07:00:00.000,Asia/Bangkok,74.77025472550386,17.39854065323141,17.56914523974983,29.21543780403055
85,2022-07-11 07:00:00.000,Asia/Bangkok,69.52954817214247,7.861638130495141,7.864877371587228,29.92906062008334
86,2022-07-12 07:00:00.000,Asia/Bangkok,64.5623019688268,6.171862182116489,6.172682526661197,30.07342493847404
87,2022-07-13 07:00:00.000,Asia/Bangkok,69.5720113350126,4.277437927311983,4.277437927311983,28.18911838790928
88,2022-07-14 07:00:00.000,Asia/Bangkok,68.1805048644891,6.139332870048645,6.139332870048645,29.56704308547612
89,2022-07-15 07:00:00.000,Asia/Bangkok,68.82970474358967,10.68162393162393,10.92393162393162,29.71933760683761
90,2022-07-16 07:00:00.000,Asia/Bangkok,65.88794751649884,15.91108023619312,17.40673845085099,30.46213963181667
91,2022-07-17 07:00:00.000,Asia/Bangkok,71.40534678707893,20.02917679749913,20.83084404307051,29.62676276484891
92,2022-07-18 07:00:00.000,Asia/Bangkok,75.16842652357234,21.365657339977,22.08470678420851,28.26714449980838
93,2022-07-19 07:00:00.000,Asia/Bangkok,70.46535703292007,24.09833262077811,24.88841385207354,29.95061564771259
94,2022-07-20 07:00:00.000,Asia/Bangkok,64.35385312619871,14.28576908323744,14.32566168009206,29.85082470272347
95,2022-07-21 07:00:00.000,Asia/Bangkok,66.38166316688013,10.54716175842936,10.54972257789159,29.66069995731968
96,2022-07-22 07:00:00.000,Asia/Bangkok,73.41054576908626,10.79503572771719,10.79503572771719,29.55933809702892
97,2022-07-23 07:00:00.000,Asia/Bangkok,71.09334966256442,16.37395791980945,17.01508535132989,29.85349741961095
98,2022-07-24 07:00:00.000,Asia/Bangkok,69.66644851131397,20.13695911075824,20.39341008336642,30.00772131798333
99,2022-07-25 07:00:00.000,Asia/Bangkok,70.44474288547366,11.99752107089737,12.07932573128408,29.4270897372335
100,2022-07-26 07:00:00.000,Asia/Bangkok,73.81054589614718,9.945561139028475,10.04020100502512,29.52673785594643
101,2022-07-27 07:00:00.000,Asia/Bangkok,72.15276228342968,11.05997334517992,11.06486006219458,28.92704131497111
102,2022-07-28 07:00:00.000,Asia/Bangkok,74.90007165386152,19.37363526081682,19.64577436312171,28.66947027901331
103,2022-07-29 07:00:00.000,Asia/Bangkok,76.69255488013705,17.98801369863014,18.32320205479452,28.06206763698633
104,2022-07-30 07:00:00.000,Asia/Bangkok,69.28040637065632,24.16795366795367,25.23600386100386,30.11322393822394
105,2022-07-31 07:00:00.000,Asia/Bangkok,78.92025475070554,6.011288805268109,6.022577610536218,27.66069143932262
106,2022-08-01 07:00:00.000,Asia/Bangkok,73.9644082443399,9.533105510465614,9.554463904314396,29.26637761640318
107,2022-08-02 07:00:00.000,Asia/Bangkok,76.10582501322048,4.754098360655738,4.783712321523003,27.81510840824965
108,2022-08-03 07:00:00.000,Asia/Bangkok,78.85458975540577,14.88794326241135,15.5136476426799,27.68261963842608
109,2022-08-04 07:00:00.000,Asia/Bangkok,77.23345656071722,13.60554197229014,13.62469437652812,28.2158761206194
110,2022-08-05 07:00:00.000,Asia/Bangkok,78.15155332094744,23.19368323269856,24.34045517882025,28.40338597306076
111,2022-08-06 07:00:00.000,Asia/Bangkok,68.04752678992914,16.53658536585366,18.20416994492525,29.50612116443744
112,2022-08-07 07:00:00.000,Asia/Bangkok,77.06187118773954,9.0183908045977,9.065517241379311,26.58383908045973
113,2022-08-08 07:00:00.000,Asia/Bangkok,74.84344610840843,30.71959694232106,33.48262682418346,28.68158095899935
114,2022-08-09 07:00:00.000,Asia/Bangkok,77.22422875998622,35.31399791594303,40.30427231677666,28.39844043070516
115,2022-08-10 07:00:00.000,Asia/Bangkok,72.44136204519342,15.86595174262735,16.09804672539257,28.97944465721942
116,2022-08-11 07:00:00.000,Asia/Bangkok,64.4056919861963,8.093558282208589,8.093558282208589,30.24296395705514
117,2022-08-12 07:00:00.000,Asia/Bangkok,67.25807377300602,24.62806748466258,25.79716257668712,30.02110046012269
118,2022-08-13 07:00:00.000,Asia/Bangkok,75.6669355612243,27.7280612244898,29.49948979591837,28.67373979591837
119,2022-08-14 07:00:00.000,Asia/Bangkok,70.07208536800353,18.96606434552666,19.20890260026443,28.94105773468485
120,2022-08-15 07:00:00.000,Asia/Bangkok,69.59328264215482,19.48268490808038,19.8422402736212,29.60769132107738
121,2022-08-16 07:00:00.000,Asia/Bangkok,66.32500226943495,12.31965234186383,12.36842105263158,29.77357798165131
122,2022-08-17 07:00:00.000,Asia/Bangkok,72.2200866462009,9.37720644666155,9.384497313891021,28.47000767459708
123,2022-08-18 07:00:00.000,Asia/Bangkok,69.47594973949285,6.189996526571726,6.190343869399097,29.33034734282726
124,2022-08-19 07:00:00.000,Asia/Bangkok,75.74242881873727,15.35336048879837,15.82688391038696,28.64042260692464
125,2022-08-20 07:00:00.000,Asia/Bangkok,73.14479977924942,14.91920529801325,14.98322295805739,28.41055187637973
126,2022-08-21 07:00:00.000,Asia/Bangkok,67.05635957554323,10.75189489641233,10.84588175846387,29.65641738251644
127,2022-08-22 07:00:00.000,Asia/Bangkok,67.62824909650125,4.163014225297962,4.164936562860438,28.47337562475961
128,2022-08-23 07:00:00.000,Asia/Bangkok,64.30333527980525,7.10809871393813,7.220716023635732,29.46742440041711
129,2022-08-24 07:00:00.000,Asia/Bangkok,76.20173250927058,6.142150803461063,6.151627523691801,27.80678615574778
130,2022-08-25 07:00:00.000,Asia/Bangkok,69.8556059477963,9.032948224219083,9.039366709456568,29.12065040650404
131,2022-08-26 07:00:00.000,Asia/Bangkok,72.3336645441389,10.85383502170767,11.04823926676315,28.91961890979254
132,2022-08-27 07:00:00.000,Asia/Bangkok,69.68987309313889,7.461862782675355,7.480260636259104,28.99806439248756
133,2022-08-28 07:00:00.000,Asia/Bangkok,78.206506009031,7.552275095519278,7.552622438346648,27.2292914206322
134,2022-08-29 07:00:00.000,Asia/Bangkok,75.30762757289884,9.284305317324185,9.604202401372213,28.29891938250422
135,2022-08-30 07:00:00.000,Asia/Bangkok,78.06851796494634,11.5618305744888,11.57789678675755,27.89783836416751
136,2022-08-31 07:00:00.000,Asia/Bangkok,76.53711445950657,14.16062717770035,15.1442474800139,28.60619395203337
137,2022-09-01 07:00:00.000,Asia/Bangkok,73.42207151134726,12.0985031385804,12.14244326412361,28.94217769193623
138,2022-09-02 07:00:00.000,Asia/Bangkok,75.8134372735508,10.83197463768116,10.83967391304348,28.64402173913045
139,2022-09-03 07:00:00.000,Asia/Bangkok,68.74692159524831,4.884057971014493,5.073398387781078,28.87851506151888
140,2022-09-04 07:00:00.000,Asia/Bangkok,63.3722536992011,3.190343869399097,3.190343869399097,30.00773185133726
141,2022-09-05 07:00:00.000,Asia/Bangkok,62.50092134688695,8.663278271918678,8.730199068191444,30.05130876747133
142,2022-09-06 07:00:00.000,Asia/Bangkok,71.00670000000011,9.502510621861722,9.522595596755504,29.14736964078794
143,2022-09-07 07:00:00.000,Asia/Bangkok,74.66140086865875,6.269284225156358,6.269284225156358,28.31566365531623
144,2022-09-08 07:00:00.000,Asia/Bangkok,67.79570948148135,3.545925925925926,3.545925925925926,29.32810370370367
145,2022-09-09 07:00:00.000,Asia/Bangkok,72.6752858869018,8.904784920251329,8.993233446109231,28.30021266312233
146,2022-09-10 07:00:00.000,Asia/Bangkok,70.93202049808416,13.70383141762452,13.97586206896552,29.08714176245211
147,2022-09-11 07:00:00.000,Asia/Bangkok,76.36031181506864,16.29537671232877,16.54751712328767,28.19196489726031
148,2022-09-12 07:00:00.000,Asia/Bangkok,75.62226678248774,11.72272411396803,11.74635163307853,27.36068102849196
149,2022-09-13 07:00:00.000,Asia/Bangkok,75.22638663127435,12.30550193050193,12.30646718146718,27.50222007722009
150,2022-09-14 07:00:00.000,Asia/Bangkok,72.76157989441266,11.31632204135504,11.32116146062472,28.08770787505499
151,2022-09-15 07:00:00.000,Asia/Bangkok,64.75019181818172,10.53232323232323,10.58535353535354,29.3320252525252
152,2022-09-16 07:00:00.000,Asia/Bangkok,63.96958182539672,11.09007936507937,11.16904761904762,29.54595238095236
153,2022-09-17 07:00:00.000,Asia/Bangkok,74.6068971618782,12.11282410651717,12.13279607568325,28.38261387526281
154,2022-09-18 07:00:00.000,Asia/Bangkok,70.45768461538454,9.445495680789799,9.451254627725216,29.35418757712873
155,2022-09-19 07:00:00.000,Asia/Bangkok,72.40466270420585,6.798748696558915,6.800486618004866,28.62718456725759
156,2022-09-20 07:00:00.000,Asia/Bangkok,66.96390043499284,7.668438859352344,7.668438859352344,29.54933784436925
157,2022-09-21 07:00:00.000,Asia/Bangkok,74.83404567005316,10.30624092888244,10.32172230285438,27.65189646831156
158,2022-09-22 07:00:00.000,Asia/Bangkok,73.73961755442339,10.95553496989347,10.97869383974062,28.39966188050023
159,2022-09-23 07:00:00.000,Asia/Bangkok,68.3985107820454,6.841739935215178,6.841739935215178,28.2534891254049
160,2022-09-24 07:00:00.000,Asia/Bangkok,72.86819220835118,8.792509685751185,8.87817477399914,27.91804563065002
161,2022-09-25 07:00:00.000,Asia/Bangkok,64.82679333079263,7.862423780487805,7.884146341463414,29.67451981707314
162,2022-09-26 07:00:00.000,Asia/Bangkok,67.49763319429958,10.38755648244699,10.51303441084463,29.56249217935344
163,2022-09-27 07:00:00.000,Asia/Bangkok,67.23071089638167,12.97162828947368,12.98314144736842,29.70660361842098
164,2022-09-28 07:00:00.000,Asia/Bangkok,75.08936857033336,15.44346492909161,15.52740513606746,28.46802606362586
165,2022-09-29 07:00:00.000,Asia/Bangkok,77.31529421898922,2.975497702909648,2.975497702909648,27.51795558958655
166,2022-09-30 07:00:00.000,Asia/Bangkok,80.78853667728238,4.092887473460721,4.092887473460721,26.87831210191082
167,2022-10-01 07:00:00.000,Asia/Bangkok,79.13083833333343,4.970512820512821,4.970512820512821,26.97917521367519
168,2022-10-02 07:00:00.000,Asia/Bangkok,71.84174351520574,4.254025044722719,4.254025044722719,27.86391771019676
169,2022-10-03 07:00:00.000,Asia/Bangkok,75.327441436464,4.036974075648109,4.036974075648109,28.14223119422017
170,2022-10-04 07:00:00.000,Asia/Bangkok,78.99394171587379,7.79680444598819,7.815560958666204,27.72155262243831
171,2022-10-05 07:00:00.000,Asia/Bangkok,75.10121414877321,3.077453987730062,3.077453987730062,28.64775306748464
172,2022-10-06 07:00:00.000,Asia/Bangkok,79.44882108409772,5.89557592666401,5.89557592666401,27.55279394180952
173,2022-10-07 07:00:00.000,Asia/Bangkok,77.62466450676979,8.122823984526113,8.177466150870407,28.05075918762093
174,2022-10-08 07:00:00.000,Asia/Bangkok,81.0102913073715,8.04172461752434,8.050069541029208,26.48032336578582
175,2022-10-09 07:00:00.000,Asia/Bangkok,79.57482301800093,12.93680582152432,13.87897357334355,27.72523937188803
176,2022-10-10 07:00:00.000,Asia/Bangkok,80.90028190898995,11.64594894561598,11.66481687014428,27.59357380688122
177,2022-10-26 07:00:00.000,Asia/Bangkok,81.73459223504717,8.111752360965372,8.220356768100734,27.92290136411332
178,2022-10-27 07:00:00.000,Asia/Bangkok,78.25137882151998,13.44577284372331,14.05422715627669,27.91791204099064
179,2022-10-28 07:00:00.000,Asia/Bangkok,82.84718024118733,17.48330241187384,17.83905380333952,27.13338126159556
180,2022-10-29 07:00:00.000,Asia/Bangkok,84.40534322456826,10.65834932821497,10.83224568138196,27.38042226487519
181,2022-10-30 07:00:00.000,Asia/Bangkok,79.68296785962471,4.613968033356498,4.613968033356498,27.83424947880478
182,2022-10-31 07:00:00.000,Asia/Bangkok,79.76756505057564,7.442622950819672,7.442622950819672,27.99166724799448
183,2022-11-01 07:00:00.000,Asia/Bangkok,80.49209789362816,19.66824644549763,21.00157977883096,27.53509741969457
184,2022-11-02 07:00:00.000,Asia/Bangkok,76.70317944785266,27.50268404907975,29.27799079754601,28.2656825153374
185,2022-11-03 07:00:00.000,Asia/Bangkok,75.28149504273497,21.35661923242777,24.13589743589744,28.39845299145303
186,2022-11-04 07:00:00.000,Asia/Bangkok,78.8139503416038,16.80151024811219,16.8673139158576,27.97988852930599
187,2022-11-05 07:00:00.000,Asia/Bangkok,81.32340268848624,6.525663716814159,8.0479251899474,27.42210403272943
188,2022-11-06 07:00:00.000,Asia/Bangkok,84.58073574776293,7.946740519812526,7.949723050703025,26.93407328504476
189,2022-11-07 07:00:00.000,Asia/Bangkok,84.04496826554107,10.02379125095933,10.06830391404451,26.73589409056025
190,2022-11-08 07:00:00.000,Asia/Bangkok,80.1966583941601,11.05248522766771,11.07507820646507,27.60008689607225
191,2022-11-09 07:00:00.000,Asia/Bangkok,76.59931651973955,10.17477960904561,10.17516289766194,28.57191261019548
192,2022-11-10 07:00:00.000,Asia/Bangkok,83.35611457749265,14.6836203444133,14.69803764517421,27.70970364437332
193,2022-11-11 07:00:00.000,Asia/Bangkok,85.31991733979548,13.51803984921917,13.55035002692515,26.71207862143247
194,2022-11-12 07:00:00.000,Asia/Bangkok,86.87558395192654,5.68328031106398,5.705196182396606,26.64514669494521
195,2022-11-13 07:00:00.000,Asia/Bangkok,84.110357341125,4.704163623082542,4.704163623082542,27.6487143900657
196,2022-11-14 07:00:00.000,Asia/Bangkok,84.97912847705112,4.291029207232267,4.291029207232267,27.45014603616134
197,2022-11-15 07:00:00.000,Asia/Bangkok,86.53674258230009,5.342026507054297,5.342026507054297,27.00295852928598
198,2022-11-16 07:00:00.000,Asia/Bangkok,84.8855364684684,7.649369369369369,7.655495495495495,27.34988468468465
199,2022-11-17 07:00:00.000,Asia/Bangkok,82.18407222222228,8.722670250896057,8.737903225806452,28.4479256272401
200,2022-11-18 07:00:00.000,Asia/Bangkok,82.20855226203403,8.769453492580528,8.810712993123417,28.39490408975752
201,2022-11-19 07:00:00.000,Asia/Bangkok,82.16300234487728,4.281024531024531,4.281024531024531,27.6471284271285
202,2022-11-20 07:00:00.000,Asia/Bangkok,83.85402551857212,3.364206464061746,3.364206464061746,27.0719199228171
203,2022-11-21 07:00:00.000,Asia/Bangkok,84.82408718388349,11.37891127303901,11.68195456493785,27.19573081868839
204,2022-11-22 07:00:00.000,Asia/Bangkok,82.2740750403877,11.61995153473344,11.66760904684976,27.44865508885299
205,2022-11-23 07:00:00.000,Asia/Bangkok,79.18130040404012,5.204040404040404,5.204040404040404,27.52236363636359
206,2022-11-24 07:00:00.000,Asia/Bangkok,83.56925215053758,8.66705069124424,8.66705069124424,26.97207757296467
207,2022-11-25 07:00:00.000,Asia/Bangkok,79.96094954735325,7.631267409470752,7.661559888579387,27.35694289693596
208,2022-11-26 07:00:00.000,Asia/Bangkok,82.47566753352322,17.55140186915888,17.9780577001219,27.73582283624549
209,2022-11-27 07:00:00.000,Asia/Bangkok,82.53803310023311,14.39300699300699,14.67599067599068,27.23231701631706
210,2022-11-28 07:00:00.000,Asia/Bangkok,80.86154973089333,14.06350914962325,14.20182992465016,27.59104951560817
211,2022-11-29 07:00:00.000,Asia/Bangkok,80.15234198975872,9.378566203365033,9.383321141185077,28.26709583028534
212,2022-11-30 07:00:00.000,Asia/Bangkok,80.00305804736558,6.040115998066699,6.041565973900435,28.34435476075398
213,2022-12-01 07:00:00.000,Asia/Bangkok,77.50733997185078,9.071428571428571,9.14883884588318,28.69507037297668
214,2022-12-02 07:00:00.000,Asia/Bangkok,81.53297106824918,13.31008902077151,13.31008902077151,28.30548961424333
215,2022-12-10 07:00:00.000,Asia/Bangkok,95.10778342967245,4.379576107899807,4.379576107899807,25.32062299293513
216,2022-12-11 07:00:00.000,Asia/Bangkok,94.51864118497117,6.664739884393064,6.664739884393064,26.42438583815034
217,2022-12-12 07:00:00.000,Asia/Bangkok,92.70799036269436,9.158031088082902,9.17979274611399,26.81052331606218
218,2022-12-13 07:00:00.000,Asia/Bangkok,92.23237987861795,11.70494864612512,11.70494864612512,26.56954715219425
219,2022-12-14 07:00:00.000,Asia/Bangkok,87.9031298471159,16.60806115357887,16.62682418346074,26.92594510076443
220,2022-12-15 07:00:00.000,Asia/Bangkok,85.02477835757058,15.48759623609923,15.54234388366125,27.33213002566298
221,2022-12-16 07:00:00.000,Asia/Bangkok,85.22383312409463,12.32254949299855,12.32786093674553,27.5439208112023
222,2022-12-17 07:00:00.000,Asia/Bangkok,83.08549038854808,9.557055214723926,9.565644171779141,27.89249079754592
223,2022-12-18 07:00:00.000,Asia/Bangkok,91.06782647058824,3.426083591331269,3.426083591331269,25.87753482972135
224,2022-12-19 07:00:00.000,Asia/Bangkok,94.10919934004882,0.8176450156304272,0.8176450156304272,24.44325112886421
225,2022-12-20 07:00:00.000,Asia/Bangkok,93.3290754217788,2.748466257668712,2.748466257668712,25.41039110429443
226,2022-12-21 07:00:00.000,Asia/Bangkok,91.94933496932505,10.86157975460123,10.86157975460123,26.53446702453997
227,2022-12-22 07:00:00.000,Asia/Bangkok,93.18954514767933,20.64135021097047,21.00345224395857,26.18831607211347
228,2022-12-23 07:00:00.000,Asia/Bangkok,88.86903055555547,22.66794871794872,22.97606837606838,27.08019658119654
229,2022-12-24 07:00:00.000,Asia/Bangkok,85.96225257731955,17.6872852233677,18.24398625429553,27.15828178694159
230,2022-12-25 07:00:00.000,Asia/Bangkok,77.92055203336795,17.57559958289885,17.58116093152589,27.21625651720542
231,2022-12-26 07:00:00.000,Asia/Bangkok,73.65384012251148,12.2947932618683,12.29823889739663,27.14712863705965
232,2022-12-27 07:00:00.000,Asia/Bangkok,77.50247162698399,17.87460317460317,17.99563492063492,27.25155555555558
233,2022-12-28 07:00:00.000,Asia/Bangkok,76.92878989218325,25.19642857142857,25.90094339622642,26.78363881401615
234,2022-12-29 07:00:00.000,Asia/Bangkok,75.95980939015912,22.71240471240471,23.21101871101871,26.74819126819124
235,2022-12-30 07:00:00.000,Asia/Bangkok,76.95899796220819,25.24082993701371,25.97443497591701,26.33452760281581
236,2022-12-31 07:00:00.000,Asia/Bangkok,77.72502551062948,26.22509378907878,26.83117965819091,26.55572738641095
237,2023-01-01 07:00:00.000,Asia/Bangkok,76.43319234388352,23.49230111206159,24.77844311377245,27.2455218135158
238,2023-01-02 07:00:00.000,Asia/Bangkok,73.01650487596224,27.25406330196749,28.7185628742515,27.79520102651837
239,2023-01-03 07:00:00.000,Asia/Bangkok,78.87098944742937,22.55986185725249,23.02148887183423,27.53831542594012
240,2023-01-04 07:00:00.000,Asia/Bangkok,80.90325629770982,12.99389312977099,13.06297709923664,27.7513244274809
241,2023-01-05 07:00:00.000,Asia/Bangkok,88.22195905154622,13.51381443298969,13.75587628865979,26.87771958762887
242,2023-01-06 07:00:00.000,Asia/Bangkok,82.50137778761051,23.04601769911504,23.30221238938053,27.71830088495576
243,2023-01-07 07:00:00.000,Asia/Bangkok,88.22540788969735,8.047491382612026,8.102642665645346,25.97148602068165
244,2023-01-08 07:00:00.000,Asia/Bangkok,91.85647612111917,5.55730164814105,5.55730164814105,25.16338827136832
245,2023-01-09 07:00:00.000,Asia/Bangkok,91.28213972602734,5.425085616438357,5.425085616438357,25.97877996575351
246,2023-01-10 07:00:00.000,Asia/Bangkok,90.41251128096968,9.132841328413285,9.133368476541909,26.71418028466001
247,2023-01-11 07:00:00.000,Asia/Bangkok,91.59353046875007,9.486979166666666,9.486979166666666,27.19914062500001
248,2023-01-12 07:00:00.000,Asia/Bangkok,90.19297241379309,16.86025408348457,16.88021778584392,27.62553539019965
249,2023-01-13 07:00:00.000,Asia/Bangkok,86.4689995533903,10.52659358505887,10.57450263905806,28.31251725537966
250,2023-01-14 07:00:00.000,Asia/Bangkok,84.70547046703294,9.072802197802197,9.10989010989011,28.01122710622717
251,2023-01-15 07:00:00.000,Asia/Bangkok,84.14297882848399,11.98813169984686,12.05474732006126,28.29394716692191
252,2023-01-16 07:00:00.000,Asia/Bangkok,82.49264012204405,18.96149447197865,20.21502096835684,29.07018299656874
253,2023-01-17 07:00:00.000,Asia/Bangkok,77.4996824907063,13.61389817911557,13.61872909698997,27.72793756967677
254,2023-01-18 07:00:00.000,Asia/Bangkok,76.40156578442645,14.49597546952855,14.55500191644308,27.92342660022999
255,2023-01-19 07:00:00.000,Asia/Bangkok,83.01606810117029,12.63732129420617,12.66177577125658,27.649085778781
256,2023-01-20 07:00:00.000,Asia/Bangkok,91.02478171806167,22.76923076923077,22.94505494505495,26.60975824175824
257,2023-01-27 07:00:00.000,Asia/Bangkok,99.52505532971995,26.54019873532069,29.05149051490515,27.54401987353208
258,2023-01-28 07:00:00.000,Asia/Bangkok,99.9411328462074,17.92519137091162,18.62038970076548,27.42355949895609
259,2023-01-29 07:00:00.000,Asia/Bangkok,99.9999052503477,15.06710709318498,15.663421418637,26.10216620305984
260,2023-01-30 07:00:00.000,Asia/Bangkok,100.0,10.50985545335085,10.53044240035042,25.78699080157688
261,2023-01-31 07:00:00.000,Asia/Bangkok,100.0,24.20428336079078,28.21416803953872,25.86449752883035
262,2023-02-01 07:00:00.000,Asia/Bangkok,99.99673501280955,25.64133219470538,27.82365499573014,26.68277540563624
263,2023-02-02 07:00:00.000,Asia/Bangkok,96.92886127300613,24.7217324645458,25.37332311230356,27.64075507857409
264,2023-02-03 07:00:00.000,Asia/Bangkok,99.76063350694446,19.015625,19.80243055555556,27.23673611111106
265,2023-02-04 07:00:00.000,Asia/Bangkok,100.0,6.889450867052023,6.889450867052023,26.79623193641621
266,2023-02-05 07:00:00.000,Asia/Bangkok,98.99745506122447,9.51142857142857,9.512244897959183,28.12994693877557
267,2023-02-06 07:00:00.000,Asia/Bangkok,96.62675936088914,7.402917679749913,7.402917679749913,28.36903786036817
268,2023-02-07 07:00:00.000,Asia/Bangkok,96.43051664928743,9.501389854065323,9.5045170257123,28.36547602501735
269,2023-02-08 07:00:00.000,Asia/Bangkok,95.93551096841371,16.38736549809094,16.40610898993405,28.21590767094752
270,2023-02-09 07:00:00.000,Asia/Bangkok,97.50148865030668,13.49616564417178,13.67216257668712,28.18767638036808
271,2023-02-10 07:00:00.000,Asia/Bangkok,97.48030363984677,13.94022988505747,13.94521072796935,28.26717241379309
272,2023-02-11 07:00:00.000,Asia/Bangkok,96.96018375478927,13.42950191570881,13.43103448275862,28.73986206896552
273,2023-02-12 07:00:00.000,Asia/Bangkok,96.24940325707645,8.271035284994184,8.271035284994184,28.58229546335773
274,2023-02-13 07:00:00.000,Asia/Bangkok,93.84753956752658,11.63657056145675,11.64301972685888,28.36754552352049
275,2023-02-14 07:00:00.000,Asia/Bangkok,96.29047405180388,14.374479889043,14.38742487286177,28.02846509477575
276,2023-02-15 07:00:00.000,Asia/Bangkok,93.39520045185962,11.11713590545707,11.13069169273549,28.37608620090365
277,2023-02-16 07:00:00.000,Asia/Bangkok,90.85779839203678,6.660796324655436,6.660796324655436,28.18989663093418
278,2023-02-17 07:00:00.000,Asia/Bangkok,89.3296841901816,7.860842674913027,7.860842674913027,28.16060301507536
279,2023-02-18 07:00:00.000,Asia/Bangkok,93.73617041651828,9.77750088999644,9.77750088999644,28.34723033107863
280,2023-02-19 07:00:00.000,Asia/Bangkok,96.30354889995853,7.94149377593361,7.94149377593361,28.44965975103736
281,2023-02-20 07:00:00.000,Asia/Bangkok,98.99823532476562,11.60333449114276,11.67627648489059,28.07961444946164
282,2023-02-21 07:00:00.000,Asia/Bangkok,94.44027313146808,9.988501341510156,9.988501341510156,28.62070141816794
283,2023-02-22 07:00:00.000,Asia/Bangkok,91.86244507474127,9.980459770114942,9.980842911877394,28.9169731800767
284,2023-02-23 07:00:00.000,Asia/Bangkok,91.13448593415984,14.65769230769231,14.66495726495726,28.73996153846154
285,2023-02-24 07:00:00.000,Asia/Bangkok,91.23674858237538,17.21907315204902,17.46533895059364,28.68402527767137
286,2023-02-25 07:00:00.000,Asia/Bangkok,93.09003017702756,15.14738575545492,15.20337587484562,28.60611774392752
287,2023-02-26 07:00:00.000,Asia/Bangkok,89.1620178680983,18.65529141104295,18.80368098159509,28.44620015337426
288,2023-02-27 07:00:00.000,Asia/Bangkok,87.76977171717161,32.34935379644588,36.38004846526656,28.51394991922453
289,2023-02-28 07:00:00.000,Asia/Bangkok,93.47528671689132,36.17360285374554,42.33055885850178,28.44095917558465
290,2023-03-01 07:00:00.000,Asia/Bangkok,99.81417110561638,35.66866831508301,40.81667255386789,27.5375415047686
291,2023-03-02 07:00:00.000,Asia/Bangkok,100.0,24.73815461346634,26.9109369433559,26.48517634485215
292,2023-03-03 07:00:00.000,Asia/Bangkok,98.10081867407155,8.008677542519958,8.008677542519958,28.11444637278723
293,2023-03-04 07:00:00.000,Asia/Bangkok,95.37349267361108,10.62430555555556,10.62430555555556,28.61076041666664
294,2023-03-05 07:00:00.000,Asia/Bangkok,96.04259435146437,19.53905160390516,19.79044630404463,27.91751394700139
295,2023-03-06 07:00:00.000,Asia/Bangkok,88.25287674597074,22.07978519370925,22.79133103183736,28.26266973532796
296,2023-03-07 07:00:00.000,Asia/Bangkok,86.71199292592605,25.22954461310626,26.9666790077749,28.29678637541646
297,2023-03-08 07:00:00.000,Asia/Bangkok,89.75566689822855,29.17367141368531,31.67766585620007,28.46838832928094
298,2023-03-09 07:00:00.000,Asia/Bangkok,90.95712871932511,18.15222392638037,18.30061349693252,28.88569018404912
299,2023-03-10 07:00:00.000,Asia/Bangkok,91.08810497218349,17.4471488178025,17.48539638386648,28.92055285118223
300,2023-03-11 07:00:00.000,Asia/Bangkok,91.93327292557736,10.98160821214714,10.98203592814371,28.50156544054746
301,2023-03-12 07:00:00.000,Asia/Bangkok,89.10640674573762,21.66753150481838,21.8713862120089,28.61633061527054
302,2023-03-13 07:00:00.000,Asia/Bangkok,91.87570467970843,32.76371308016878,36.47564250095895,28.6916417337937
303,2023-03-14 07:00:00.000,Asia/Bangkok,83.92142368055543,21.53298611111111,21.75590277777778,28.58445486111109
304,2023-03-15 07:00:00.000,Asia/Bangkok,84.5440213342601,26.39124391938847,27.48436414176512,28.49060458651838
305,2023-03-16 07:00:00.000,Asia/Bangkok,85.20587051070835,22.24866200082338,22.55207904487443,28.44475504322767
306,2023-03-17 07:00:00.000,Asia/Bangkok,92.79680515196436,13.93884358784285,14.00444773906598,28.54087101556713
307,2023-03-18 07:00:00.000,Asia/Bangkok,91.22802675469067,17.04829742876998,17.11362056984017,29.03186935371775
308,2023-03-19 07:00:00.000,Asia/Bangkok,91.3347683404255,16.5331914893617,16.58893617021277,29.23554468085109
309,2023-03-20 07:00:00.000,Asia/Bangkok,95.5239734545454,18.50635208711434,18.54627949183303,28.58637023593466
310,2023-03-21 07:00:00.000,Asia/Bangkok,93.34486600084996,12.00594985125372,12.00679983000425,29.6582745431364
311,2023-03-22 07:00:00.000,Asia/Bangkok,98.13597895840611,13.65641384131423,13.68297797972737,29.28545263893746
312,2023-03-23 07:00:00.000,Asia/Bangkok,95.98390366802522,15.71989625787329,16.10633567988144,29.85995924416456
313,2023-03-24 07:00:00.000,Asia/Bangkok,97.29750364543358,16.34343821949347,16.4247889485802,29.77965848042976
314,2023-03-25 07:00:00.000,Asia/Bangkok,93.88739347664935,17.48332097850259,17.67605633802817,30.14815418828761
315,2023-03-26 07:00:00.000,Asia/Bangkok,91.1298571428572,15.9822732012513,16.08029197080292,29.79541188738273
316,2023-03-27 07:00:00.000,Asia/Bangkok,87.06621882690727,15.34577522559475,15.35808039376538,30.45907711238722
317,2023-03-28 07:00:00.000,Asia/Bangkok,90.09481118680526,26.00501972032987,26.79347436357117,30.25229114377911
318,2023-03-29 07:00:00.000,Asia/Bangkok,92.9667783579402,11.8397551314368,12.0259272596327,30.56736406193733
319,2023-03-30 07:00:00.000,Asia/Bangkok,91.33179350950394,9.629578117756143,9.634214186369958,30.40407046824296
320,2023-03-31 07:00:00.000,Asia/Bangkok,86.03858204861106,22.74479166666667,23.81666666666667,30.0667187499999
321,2023-04-01 07:00:00.000,Asia/Bangkok,90.11553223938225,22.22635135135135,23.32335907335907,29.65837355212354
322,2023-04-02 07:00:00.000,Asia/Bangkok,85.90454587964742,18.79149099271752,18.93982368723649,30.08321579149086
323,2023-04-03 07:00:00.000,Asia/Bangkok,89.96572189781027,18.98748696558916,19.36218282933611,30.29654501216552
324,2023-04-04 07:00:00.000,Asia/Bangkok,93.56727374088219,19.82430555555555,19.98645833333333,29.86042013888883
325,2023-04-05 07:00:00.000,Asia/Bangkok,88.26207848926393,18.81633435582822,19.23197852760736,30.7919823619632
326,2023-04-06 07:00:00.000,Asia/Bangkok,96.84683223416081,21.30196369025565,21.75101889588737,28.30278992219334
327,2023-04-07 07:00:00.000,Asia/Bangkok,98.64189352242235,19.33269451897279,19.55538520505941,28.92222690686089
328,2023-04-08 07:00:00.000,Asia/Bangkok,90.19964100452857,25.41910251132153,26.20049403046521,30.5247385755454
329,2023-04-09 07:00:00.000,Asia/Bangkok,93.01601217830884,12.22886029411765,12.88235294117647,30.60330422794118
330,2023-04-10 07:00:00.000,Asia/Bangkok,93.56777437661225,14.96947549441101,14.99613069647464,30.30044711951851
331,2023-04-11 07:00:00.000,Asia/Bangkok,92.1183746547522,34.57229894394801,38.86880584890333,30.90219740048744
332,2023-04-12 07:00:00.000,Asia/Bangkok,92.22611435459945,39.82461994809047,47.9796069707082,31.10865406006682
333,2023-04-13 07:00:00.000,Asia/Bangkok,94.0738719984657,44.35980053701573,57.61334867663982,30.9999961641734
334,2023-04-14 07:00:00.000,Asia/Bangkok,93.73102961685818,41.14674329501916,50.66015325670498,30.98328735632185
335,2023-04-15 07:00:00.000,Asia/Bangkok,91.35990759493681,44.12428078250863,57.24856156501726,31.83500958956653
336,2023-04-16 07:00:00.000,Asia/Bangkok,88.04928959259252,50.85555555555555,71.72777777777777,31.82284814814817
337,2023-04-17 07:00:00.000,Asia/Bangkok,96.6166029919448,39.83007288070579,51.87188339087074,29.88643651706933
338,2023-04-18 07:00:00.000,Asia/Bangkok,90.37005301112406,48.73629743196627,67.32617861249521,31.27946339593713
339,2023-04-19 07:00:00.000,Asia/Bangkok,91.23777272727278,43.82662063674722,56.73417721518987,31.24892980437284
340,2023-04-20 07:00:00.000,Asia/Bangkok,97.50654848355401,40.59547202050406,53.38146091413925,28.84784280222129
341,2023-04-21 07:00:00.000,Asia/Bangkok,96.60531565617805,37.93364019946299,45.28308400460299,30.46720368239362
342,2023-04-22 07:00:00.000,Asia/Bangkok,95.72437057920983,35.66589950134254,40.76946682009973,31.00031837360963
343,2023-04-23 07:00:00.000,Asia/Bangkok,99.68070966257669,32.02070552147239,36.16027607361963,28.80284125766869
344,2023-04-24 07:00:00.000,Asia/Bangkok,99.45135231143554,24.73722627737226,26.56551963851234,29.19148070907194
345,2023-04-25 07:00:00.000,Asia/Bangkok,96.15797196581204,21.85598290598291,22.38461538461538,30.59404273504268
346,2023-04-26 07:00:00.000,Asia/Bangkok,93.41860000000003,18.45802989651207,18.6220774243005,31.27944039862015
347,2023-04-27 07:00:00.000,Asia/Bangkok,94.44165550203773,13.09185185185185,13.31148148148148,30.88897407407401
348,2023-04-28 07:00:00.000,Asia/Bangkok,94.13314282975456,18.77799079754601,18.82093558282208,30.83070935582822
349,2023-04-29 07:00:00.000,Asia/Bangkok,94.16218255733155,24.80166724557138,25.9940951719347,31.14575547064958
350,2023-04-30 07:00:00.000,Asia/Bangkok,95.91647890295357,23.90410433448408,25.17222861526659,31.04568469505179
351,2023-05-01 07:00:00.000,Asia/Bangkok,96.55238526398742,16.92750197005516,17.21552403467297,31.32622931442081
352,2023-05-02 07:00:00.000,Asia/Bangkok,89.45559915927133,10.65156468939748,10.65483418963101,32.00738439981312
353,2023-05-03 07:00:00.000,Asia/Bangkok,99.92539423569599,6.285653287788215,6.285653287788215,28.45696840307433
354,2023-05-04 07:00:00.000,Asia/Bangkok,99.11678753834363,7.586656441717792,7.697469325153374,30.27591641104303
355,2023-05-05 07:00:00.000,Asia/Bangkok,94.72454697496526,11.49721835883171,11.62552155771905,30.96537899860921
356,2023-05-06 07:00:00.000,Asia/Bangkok,96.89417542624166,13.64862861378799,14.1767976278725,30.53141215715348
357,2023-05-07 07:00:00.000,Asia/Bangkok,94.53504078190879,13.52778842468379,13.54886929858183,30.89852817171326
358,2023-05-08 07:00:00.000,Asia/Bangkok,96.21536171516074,8.352986217457886,8.387442572741195,31.05312404287897
359,2023-05-09 07:00:00.000,Asia/Bangkok,99.90590538231521,7.94105083297736,7.94105083297736,31.06930798803925
360,2023-05-10 07:00:00.000,Asia/Bangkok,94.25509726495729,14.34401709401709,14.50299145299145,30.77210256410254
361,2023-05-11 07:00:00.000,Asia/Bangkok,99.87965471242146,8.863702271628807,8.952634122764621,29.69881101981634
362,2023-05-12 07:00:00.000,Asia/Bangkok,97.7946763497372,9.074056378404205,9.10176779741997,30.7802006688963
363,2023-05-13 07:00:00.000,Asia/Bangkok,95.22339261407579,12.98027842227378,13.06573859242073,31.17859242072708
364,2023-05-14 07:00:00.000,Asia/Bangkok,93.82728667434709,12.49443378119002,12.49827255278311,31.91984261036465
365,2023-05-15 07:00:00.000,Asia/Bangkok,99.30883148019456,23.42077831827658,24.96316886726894,30.09977414871431
366,2023-05-16 07:00:00.000,Asia/Bangkok,99.51763498554318,14.68731928954977,14.74886410574143,28.83666253614208
367,2023-05-17 07:00:00.000,Asia/Bangkok,98.53613368943152,12.39030904235025,12.44944677603968,30.46498283098046
368,2023-05-18 07:00:00.000,Asia/Bangkok,99.88402488242839,14.0765284309534,14.07866609662249,29.0590209491235
369,2023-05-19 07:00:00.000,Asia/Bangkok,95.35344988496931,6.33819018404908,6.342791411042945,30.5272430981595
370,2023-05-20 07:00:00.000,Asia/Bangkok,98.10358762135931,7.79126213592233,7.79126213592233,30.4084223300971
371,2023-05-31 07:00:00.000,Asia/Bangkok,94.21865823927766,4.483069977426637,4.483069977426637,31.48153498871331
372,2023-06-01 07:00:00.000,Asia/Bangkok,97.97165721251528,9.255993498577814,9.256399837464445,30.45643640796429
373,2023-06-02 07:00:00.000,Asia/Bangkok,89.27680490985804,4.545070962792482,4.545070962792482,31.37988108937471
374,2023-06-03 07:00:00.000,Asia/Bangkok,88.5831432349559,4.551552318896129,4.551552318896129,31.56398620160991
375,2023-06-04 07:00:00.000,Asia/Bangkok,95.82242403612359,6.193122612018062,6.193469954845432,30.18496700243146
376,2023-06-05 07:00:00.000,Asia/Bangkok,86.75197863886706,10.41306058221872,10.44453186467349,31.29505507474428
377,2023-06-06 07:00:00.000,Asia/Bangkok,96.7193182022472,6.861797752808989,6.961797752808989,30.31408988764042
378,2023-06-09 07:00:00.000,Asia/Bangkok,99.76739297405193,28.09181636726547,31.68383233532934,30.66947305389231
379,2023-06-10 07:00:00.000,Asia/Bangkok,99.60547075373393,24.42931573463008,26.43522056269538,30.48019103855502
380,2023-06-11 07:00:00.000,Asia/Bangkok,99.84051393328703,25.66608756080612,27.03648366921473,29.76451007644193
381,2023-06-12 07:00:00.000,Asia/Bangkok,100.0,18.84173913043478,19.19165217391305,28.75106782608701
382,2023-06-13 07:00:00.000,Asia/Bangkok,97.24673119658115,22.02991452991453,22.78547008547008,30.7833333333333
383,2023-06-14 07:00:00.000,Asia/Bangkok,98.46960330388018,29.30925854782943,31.28697656550134,30.14697656550132
384,2023-06-15 07:00:00.000,Asia/Bangkok,99.80784651081647,20.20167480809491,20.71493370551291,29.1197208653175
385,2023-06-16 07:00:00.000,Asia/Bangkok,99.45774217021278,16.26340425531915,16.46042553191489,29.79823404255317
386,2023-06-17 07:00:00.000,Asia/Bangkok,99.73861534922627,17.5625261396905,17.7749895441238,30.70023002927642
387,2023-06-18 07:00:00.000,Asia/Bangkok,98.5670512090483,25.41614664586583,27.29563182527301,28.96926287051481
388,2023-06-19 07:00:00.000,Asia/Bangkok,100.0,13.7289755351682,13.97362385321101,28.39086773700316
389,2023-06-20 07:00:00.000,Asia/Bangkok,99.79970540019285,10.54821600771456,10.54821600771456,28.84566055930565
390,2023-06-21 07:00:00.000,Asia/Bangkok,97.88325777545329,13.79458709229702,13.82581540596808,30.68730474198049
391,2023-06-22 07:00:00.000,Asia/Bangkok,100.0,19.87595712098009,20.10222052067381,27.29117624223602
392,2023-06-23 07:00:00.000,Asia/Bangkok,96.0641820315834,24.89543320529236,25.65556978233035,30.49860435339305
393,2023-06-24 07:00:00.000,Asia/Bangkok,94.85730160673296,22.51262433052793,22.9636572302984,29.84414307574594
394,2023-06-25 07:00:00.000,Asia/Bangkok,99.35028973262028,14.21936827490455,14.24158278375564,29.11923707664879
395,2023-06-26 07:00:00.000,Asia/Bangkok,99.7362399052949,10.30997876857749,10.32951167728238,29.12546706844597
396,2023-06-27 07:00:00.000,Asia/Bangkok,99.43546196506551,7.525764192139738,7.526637554585153,29.23962882096061
397,2023-06-28 07:00:00.000,Asia/Bangkok,100.0,4.674287856071964,4.674287856071964,29.04186656671653
398,2023-06-29 07:00:00.000,Asia/Bangkok,99.85463316062174,4.153886010362695,4.153886010362695,29.7692797927461
399,2023-06-30 07:00:00.000,Asia/Bangkok,97.82808494577014,4.931019522776572,4.931887201735358,29.8594056399133
400,2023-07-01 07:00:00.000,Asia/Bangkok,99.91749495114003,4.968287526427061,4.979281183932347,30.49065146579803
401,2023-07-02 07:00:00.000,Asia/Bangkok,100.0,2.555428134556575,2.555428134556575,28.2936130411545
402,2023-07-03 07:00:00.000,Asia/Bangkok,99.37599120777418,7.936140675613142,8.132346136048126,29.36171217029142
403,2023-07-04 07:00:00.000,Asia/Bangkok,100.0,16.13176144244105,16.38800277392511,30.9750686752326
404,2023-07-05 07:00:00.000,Asia/Bangkok,99.94340124396136,19.13568417018015,19.36987351475661,27.13246376811589
405,2023-07-06 07:00:00.000,Asia/Bangkok,95.22837200152787,16.93196806664353,17.15307185005206,30.75628342245999
406,2023-07-07 07:00:00.000,Asia/Bangkok,96.57657292318383,14.64824469933959,15.74591588460202,30.86999304831428
407,2023-07-08 07:00:00.000,Asia/Bangkok,97.7605180173913,7.578782608695652,7.590260869565217,29.60709913043478
408,2023-07-09 07:00:00.000,Asia/Bangkok,99.92115829565218,5.49495652173913,5.49495652173913,28.43515130434778
409,2023-07-10 07:00:00.000,Asia/Bangkok,99.99579063987308,3.940772078265468,3.940772078265468,28.4918350079323
410,2023-07-11 07:00:00.000,Asia/Bangkok,99.85480343749997,4.437777777777778,4.437777777777778,30.17815625000002
411,2023-07-12 07:00:00.000,Asia/Bangkok,99.96588994391026,6.565900383141763,6.597318007662835,26.96687900641037
412,2023-07-13 07:00:00.000,Asia/Bangkok,99.99625666406858,8.989488772097468,9.002388915432393,29.71193296960254
413,2023-07-14 07:00:00.000,Asia/Bangkok,100.0,11.19887834339948,11.20578084555651,27.69330457290774
414,2023-07-15 07:00:00.000,Asia/Bangkok,90.53588009969326,10.41296012269939,10.41449386503067,31.38412960122703
415,2023-07-16 07:00:00.000,Asia/Bangkok,94.43372642884539,11.01111536987352,11.01878114220008,31.14628450920237
416,2023-07-17 07:00:00.000,Asia/Bangkok,88.63481566449632,7.313672922252011,7.319034852546917,31.49299885101494
417,2023-07-18 07:00:00.000,Asia/Bangkok,92.06463304378043,7.200138985406532,7.200138985406532,31.40395066018066
418,2023-07-19 07:00:00.000,Asia/Bangkok,90.03289370653695,4.45846367744178,4.45846367744178,30.87305526590202
419,2023-07-20 07:00:00.000,Asia/Bangkok,100.0,7.971614883007288,7.998465669351745,27.87315304948214
420,2023-07-21 07:00:00.000,Asia/Bangkok,94.66154316702821,4.946604015378044,4.947458351131995,30.17883297180043
421,2023-07-22 07:00:00.000,Asia/Bangkok,100.0,15.37725009574875,15.54461891995404,29.07131367292223
422,2023-07-23 07:00:00.000,Asia/Bangkok,99.57127286949365,12.41622066694113,12.54137505146151,29.7653231782627
423,2023-07-24 07:00:00.000,Asia/Bangkok,96.73351399539877,22.18980061349693,25.13842024539877,30.29723159509209
424,2023-07-25 07:00:00.000,Asia/Bangkok,96.54788899167438,12.05457909343201,12.22201665124884,30.50827012025909
425,2023-07-26 07:00:00.000,Asia/Bangkok,98.89004820960693,12.78785286569718,12.81394354148845,30.58904803493449
426,2023-07-27 07:00:00.000,Asia/Bangkok,100.0,9.904861111111112,9.905555555555555,28.50148809523811
427,2023-07-28 07:00:00.000,Asia/Bangkok,96.14561679132383,9.857142857142858,9.86761406133134,31.1622662677636
428,2023-07-29 07:00:00.000,Asia/Bangkok,95.00840643584516,7.986150712830957,7.986558044806517,31.32501425661918
429,2023-07-30 07:00:00.000,Asia/Bangkok,90.56469536082477,6.772006344171293,6.773592386994449,31.69411578112607
430,2023-07-31 07:00:00.000,Asia/Bangkok,99.60654931335831,20.21556387848523,20.66625052018311,29.1414398668331
431,2023-08-01 07:00:00.000,Asia/Bangkok,100.0,16.73446719888927,17.00694203401597,28.8586393613329
432,2023-08-02 07:00:00.000,Asia/Bangkok,100.0,14.19881821341675,15.07924921793535,27.99779283976363
433,2023-08-03 07:00:00.000,Asia/Bangkok,100.0,19.57094594594595,19.93146718146718,29.24543436293431
434,2023-08-04 07:00:00.000,Asia/Bangkok,99.58436356321839,11.54444444444444,11.58850574712644,30.4187279693488
435,2023-08-05 07:00:00.000,Asia/Bangkok,99.75453211678831,27.25512686826556,28.48557525199861,30.53612443517555
436,2023-08-06 07:00:00.000,Asia/Bangkok,99.99980544061303,27.45019157088123,29.20306513409962,29.62915325670497
437,2023-08-07 07:00:00.000,Asia/Bangkok,99.99876019938651,11.75498466257669,11.92829754601227,29.63585506134969
438,2023-08-08 07:00:00.000,Asia/Bangkok,100.0,10.6039907904835,10.6039907904835,29.66089409056025
439,2023-08-09 07:00:00.000,Asia/Bangkok,93.61188746646228,7.054810272134918,7.054810272134918,30.11306247604441
440,2023-08-10 07:00:00.000,Asia/Bangkok,99.7545953038675,4.933307780758912,4.933307780758912,30.69480662983426
441,2023-08-11 07:00:00.000,Asia/Bangkok,99.72392377300613,7.542148053059478,7.716545532278752,29.39179447852765
442,2023-08-12 07:00:00.000,Asia/Bangkok,98.4351904944423,8.274539877300613,8.386738213875049,30.22549635875822
443,2023-08-13 07:00:00.000,Asia/Bangkok,97.93075205216725,4.130034522439586,4.132719601074031,29.67225930187958
444,2023-08-14 07:00:00.000,Asia/Bangkok,99.94613579407479,3.890723652258378,3.894123360854784,29.43587663914517
445,2023-08-15 07:00:00.000,Asia/Bangkok,100.0,4.688160676532769,4.688160676532769,27.94423361522202
446,2023-08-16 07:00:00.000,Asia/Bangkok,100.0,2.59951690821256,2.615458937198067,28.02093236714976
447,2023-08-17 07:00:00.000,Asia/Bangkok,100.0,3.624110953058322,3.625533428165007,28.19570768136545
448,2023-08-18 07:00:00.000,Asia/Bangkok,99.55345538922154,9.443250214961306,10.2480752780154,29.71154405474766
449,2023-08-19 07:00:00.000,Asia/Bangkok,95.9144220607097,7.050876442924326,7.078238563488671,30.70930739632315
450,2023-08-20 07:00:00.000,Asia/Bangkok,93.79750843234962,9.009198926791875,9.009198926791875,30.96113070141819
451,2023-08-21 07:00:00.000,Asia/Bangkok,96.48518976833967,7.248552123552123,7.251930501930502,30.60048262548258
452,2023-08-22 07:00:00.000,Asia/Bangkok,96.83544796905227,8.657640232108317,8.723887814313347,30.21897969052227
453,2023-08-23 07:00:00.000,Asia/Bangkok,99.26253486631016,10.74652406417112,10.75614973262032,30.52280213903741
454,2023-08-24 07:00:00.000,Asia/Bangkok,,13.6526268115942,13.66394927536232,
455,2023-08-25 07:00:00.000,Asia/Bangkok,,8.909941520467836,8.909941520467836,
456,2023-08-26 07:00:00.000,Asia/Bangkok,,5.424200278164117,5.424200278164117,
457,2023-08-27 07:00:00.000,Asia/Bangkok,,9.333101771448419,9.48593261549149,
458,2023-08-28 07:00:00.000,Asia/Bangkok,,7.876581065542354,7.876964354158681,
459,2023-08-29 07:00:00.000,Asia/Bangkok,,8.798118049615056,9.124786324786324,
460,2023-08-30 07:00:00.000,Asia/Bangkok,,5.61211477151966,5.618490967056323,
461,2023-08-31 07:00:00.000,Asia/Bangkok,,4.740174672489083,4.740174672489083,
462,2023-09-06 07:00:00.000,Asia/Bangkok,,2.709756097560976,2.709756097560976,34.19000000000001
463,2023-09-07 07:00:00.000,Asia/Bangkok,100.0,7.028103044496487,7.028103044496487,29.05310538641691
464,2023-09-08 07:00:00.000,Asia/Bangkok,100.0,19.73903966597077,20.0285316631872,29.46446068197634
465,2023-09-09 07:00:00.000,Asia/Bangkok,100.0,9.731861198738171,9.864002804065896,28.94370304748409
466,2023-09-10 07:00:00.000,Asia/Bangkok,99.86338872530028,7.822549399457575,7.836497481596281,29.65527314994183
467,2023-09-11 07:00:00.000,Asia/Bangkok,100.0,2.394223555888972,2.394223555888972,27.19191297824457
468,2023-09-12 07:00:00.000,Asia/Bangkok,100.0,14.05642994241843,14.41842610364683,28.85208829174659
469,2023-09-13 07:00:00.000,Asia/Bangkok,100.0,37.13667649950836,43.72566371681416,30.65472959685353
470,2023-09-14 07:00:00.000,Asia/Bangkok,95.84941742331287,39.5840490797546,48.42822085889571,31.778
471,2023-09-16 07:00:00.000,Asia/Bangkok,99.16113873983736,19.35121951219512,19.55650406504065,30.36753658536587
472,2023-09-17 07:00:00.000,Asia/Bangkok,99.58753654510556,18.05412667946257,21.77811900191939,29.91582725527836
473,2023-09-18 07:00:00.000,Asia/Bangkok,98.0409673036832,19.64732453092425,21.16018068102849,30.44235232800551
474,2023-09-19 07:00:00.000,Asia/Bangkok,99.3096081069959,21.740329218107,22.54320987654321,29.30995061728393
475,2023-09-20 07:00:00.000,Asia/Bangkok,100.0,22.02272727272727,22.74242424242424,29.4172077922078
476,2023-09-23 07:00:00.000,Asia/Bangkok,100.0,10.14704124327555,10.15301852958757,28.88926258992793
477,2023-09-24 07:00:00.000,Asia/Bangkok,100.0,7.491670226398975,7.497223408799658,28.18888082016236
478,2023-09-25 07:00:00.000,Asia/Bangkok,100.0,2.518684603886398,2.518684603886398,27.37182361733931
479,2023-09-28 07:00:00.000,Asia/Bangkok,100.0,15.12050653594771,16.67769607843137,27.3481985294117
480,2023-09-29 07:00:00.000,Asia/Bangkok,100.0,26.42526690391459,30.06405693950178,28.13380782918149
481,2023-10-03 07:00:00.000,Asia/Bangkok,100.0,21.0989969472307,21.46009594417793,29.58650239860447
482,2023-10-04 07:00:00.000,Asia/Bangkok,100.0,8.507492113564668,8.524053627760253,29.58124605678243
483,2023-10-05 07:00:00.000,Asia/Bangkok,100.0,11.94702320887992,12.0635721493441,28.46520181634715
484,2023-10-06 07:00:00.000,Asia/Bangkok,100.0,8.010830324909747,8.010830324909747,29.48747292418785
485,2023-10-07 07:00:00.000,Asia/Bangkok,100.0,11.81736526946108,11.83019674935843,28.43195466210435
486,2023-10-08 07:00:00.000,Asia/Bangkok,100.0,14.14465408805031,14.14937106918239,28.27278825995813
487,2023-10-09 07:00:00.000,Asia/Bangkok,100.0,33.42912145607281,38.5918795939797,28.18487924396226
488,2023-10-10 07:00:00.000,Asia/Bangkok,100.0,32.45953202915229,36.00613732259302,29.27339854238587
489,2023-10-11 07:00:00.000,Asia/Bangkok,100.0,22.97324530924253,23.67129951355108,28.15586865879094
490,2023-10-12 07:00:00.000,Asia/Bangkok,100.0,15.68455346876198,16.13338443848218,28.00215791490992
491,2023-10-13 07:00:00.000,Asia/Bangkok,100.0,9.587423312883436,9.609662576687116,28.10160721135412
492,2023-10-14 07:00:00.000,Asia/Bangkok,100.0,9.817174515235457,9.817174515235457,28.82258541089565
493,2023-10-15 07:00:00.000,Asia/Bangkok,100.0,14.45363048166787,14.46117900790798,29.57523193096021
494,2023-10-16 07:00:00.000,Asia/Bangkok,100.0,4.243266353142369,4.244548952543822,28.59631463947565
495,2023-10-17 07:00:00.000,Asia/Bangkok,96.60175648698883,6.975862068965517,7.012643678160919,61.81213754646835
496,2023-10-18 07:00:00.000,Asia/Bangkok,,9.92765410958904,10.05008561643836,
497,2023-10-19 07:00:00.000,Asia/Bangkok,100.0,15.92292944785276,16.3055981595092,27.77876777251186
498,2023-10-20 07:00:00.000,Asia/Bangkok,100.0,10.94203401596668,11.09371745921555,27.36
499,2023-10-21 07:00:00.000,Asia/Bangkok,,15.14181438998957,15.53041362530414,
500,2023-10-22 07:00:00.000,Asia/Bangkok,,7.955521472392638,7.956288343558282,
501,2023-10-23 07:00:00.000,Asia/Bangkok,,11.65644171779141,12.32898773006135,
502,2023-10-24 07:00:00.000,Asia/Bangkok,,10.87083173629743,10.97163664239172,
503,2023-10-25 07:00:00.000,Asia/Bangkok,,10.73504601226994,10.79486196319018,
504,2023-10-26 07:00:00.000,Asia/Bangkok,,10.75421779141104,10.95360429447853,
505,2023-10-27 07:00:00.000,Asia/Bangkok,,10.65618298784846,10.88706218727663,
506,2023-10-28 07:00:00.000,Asia/Bangkok,,11.14342629482072,11.17370517928287,
507,2023-10-29 07:00:00.000,Asia/Bangkok,,8.418690819267189,8.420337587484562,
508,2023-10-30 07:00:00.000,Asia/Bangkok,,5.806962025316456,5.809731012658228,
509,2023-10-31 07:00:00.000,Asia/Bangkok,,5.299325129019453,5.299325129019453,
510,2023-11-01 07:00:00.000,Asia/Bangkok,,11.68475658419793,11.70351157222666,
511,2023-11-02 07:00:00.000,Asia/Bangkok,,5.233192470226662,5.233192470226662,
512,2023-11-03 07:00:00.000,Asia/Bangkok,,6.258819018404908,6.26111963190184,
513,2023-11-04 07:00:00.000,Asia/Bangkok,,10.30674846625767,10.33742331288344,
514,2023-11-05 07:00:00.000,Asia/Bangkok,,14.61157975460123,14.71510736196319,
515,2023-11-06 07:00:00.000,Asia/Bangkok,,7.197011813759556,7.217859624739402,
516,2023-11-07 07:00:00.000,Asia/Bangkok,,7.345758843666793,7.364016736401673,
517,2023-11-08 07:00:00.000,Asia/Bangkok,,16.58865529551765,17.66798889329631,
518,2023-11-09 07:00:00.000,Asia/Bangkok,,19.42152466367713,20.00717488789238,
519,2023-11-10 07:00:00.000,Asia/Bangkok,,16.73416840640223,16.9053583855254,
520,2023-11-11 07:00:00.000,Asia/Bangkok,,13.21097046413502,13.23398542385884,
521,2023-11-12 07:00:00.000,Asia/Bangkok,,8.436468330134357,8.560076775431861,
522,2023-11-13 07:00:00.000,Asia/Bangkok,,4.518545994065282,4.518545994065282,
523,2023-11-14 07:00:00.000,Asia/Bangkok,,4.878205128205129,4.880769230769231,
524,2023-11-15 07:00:00.000,Asia/Bangkok,,5.336520076481835,5.336520076481835,
525,2023-11-16 07:00:00.000,Asia/Bangkok,,6.899233716475096,6.899616858237548,
526,2023-11-17 07:00:00.000,Asia/Bangkok,,4.895019157088123,4.895019157088123,
527,2023-11-18 07:00:00.000,Asia/Bangkok,,5.802838511699271,5.803222094361335,
528,2023-11-19 07:00:00.000,Asia/Bangkok,,2.126101954771943,2.126101954771943,
529,2023-11-20 07:00:00.000,Asia/Bangkok,,10.52953439888812,10.52953439888812,
530,2023-11-21 07:00:00.000,Asia/Bangkok,,16.9468565474123,16.96109760333449,
531,2023-11-22 07:00:00.000,Asia/Bangkok,,13.15045170257123,13.15740097289784,
532,2023-11-23 07:00:00.000,Asia/Bangkok,,12.4235197368421,12.4235197368421,
533,2023-11-24 07:00:00.000,Asia/Bangkok,,14.47324955116697,14.51849192100539,
534,2023-11-25 07:00:00.000,Asia/Bangkok,,9.483128834355828,9.483895705521473,
535,2023-11-26 07:00:00.000,Asia/Bangkok,,6.808695652173913,6.814956521739131,
536,2023-11-27 07:00:00.000,Asia/Bangkok,,3.697601668404588,3.697601668404588,
537,2023-11-28 07:00:00.000,Asia/Bangkok,,1.774329501915709,1.774329501915709,
538,2023-11-29 07:00:00.000,Asia/Bangkok,,5.644061302681992,5.644061302681992,
539,2023-11-30 07:00:00.000,Asia/Bangkok,,5.315567484662576,5.317101226993865,
540,2023-12-01 07:00:00.000,Asia/Bangkok,100.0,7.175879396984925,7.175879396984925,27.64023172905525
541,2023-12-02 07:00:00.000,Asia/Bangkok,100.0,5.733997700268302,5.73438098888463,27.70348600508908
542,2023-12-03 07:00:00.000,Asia/Bangkok,,7.777011494252873,7.791187739463601,
543,2023-12-04 07:00:00.000,Asia/Bangkok,,2.822732012513034,2.822732012513034,
544,2023-12-05 07:00:00.000,Asia/Bangkok,,3.195935582822086,3.214723926380368,
545,2023-12-06 07:00:00.000,Asia/Bangkok,,7.518597691321077,7.523728088926892,
546,2023-12-07 07:00:00.000,Asia/Bangkok,,8.929091605979302,8.93560751245688,
547,2023-12-08 07:00:00.000,Asia/Bangkok,,8.076303680981596,8.076303680981596,
548,2023-12-09 07:00:00.000,Asia/Bangkok,,7.322072936660269,7.322072936660269,
549,2023-12-10 07:00:00.000,Asia/Bangkok,,9.36795707167497,9.369873514756613,
550,2023-12-11 07:00:00.000,Asia/Bangkok,,17.59909353110836,17.86979810465595,
551,2023-12-12 07:00:00.000,Asia/Bangkok,,24.45339470655926,25.30072880705792,
552,2023-12-13 07:00:00.000,Asia/Bangkok,,23.70793911970383,24.34718222953517,
553,2023-12-14 07:00:00.000,Asia/Bangkok,,16.09927175162898,16.25565350709084,
554,2023-12-15 07:00:00.000,Asia/Bangkok,,13.24501533742331,13.26418711656442,
555,2023-12-16 07:00:00.000,Asia/Bangkok,,13.31837360951285,13.32489451476793,
556,2023-12-17 07:00:00.000,Asia/Bangkok,,12.93256864789712,13.02328005559416,
557,2023-12-18 07:00:00.000,Asia/Bangkok,,10.01495972382048,10.01726121979287,
558,2023-12-19 07:00:00.000,Asia/Bangkok,,5.868098159509202,5.868098159509202,
559,2023-12-20 07:00:00.000,Asia/Bangkok,,10.79791666666667,10.79895833333333,
560,2023-12-21 07:00:00.000,Asia/Bangkok,,14.2258064516129,14.28031145717464,
561,2023-12-22 07:00:00.000,Asia/Bangkok,,10.21074552269888,10.21116201582674,
562,2023-12-23 07:00:00.000,Asia/Bangkok,,7.8207981580967,7.8207981580967,
563,2023-12-24 07:00:00.000,Asia/Bangkok,,12.61739864864865,12.63006756756757,
564,2023-12-25 07:00:00.000,Asia/Bangkok,,8.981584433634469,8.98227936066713,
565,2023-12-26 07:00:00.000,Asia/Bangkok,,8.5573199070488,8.559643687064291,
566,2023-12-27 07:00:00.000,Asia/Bangkok,,19.09712837837838,19.27195945945946,
567,2023-12-28 07:00:00.000,Asia/Bangkok,,21.2142583365274,21.30471444998084,
568,2023-12-29 07:00:00.000,Asia/Bangkok,,9.692176143651134,9.704147071398033,
569,2023-12-30 07:00:00.000,Asia/Bangkok,,10.75277884246838,10.7707934074358,
570,2023-12-31 07:00:00.000,Asia/Bangkok,,13.2308282208589,13.23121165644172,
571,2024-01-01 07:00:00.000,Asia/Bangkok,,10.9002920317063,13.75603663613655,
572,2024-01-02 07:00:00.000,Asia/Bangkok,,12.44510076441974,12.44510076441974,
573,2024-01-03 07:00:00.000,Asia/Bangkok,,8.195935582822086,8.208972392638037,
574,2024-01-04 07:00:00.000,Asia/Bangkok,,11.11323376172282,11.11913858978812,
575,2024-01-05 07:00:00.000,Asia/Bangkok,,11.81741465285769,11.81741465285769,
576,2024-01-06 07:00:00.000,Asia/Bangkok,,14.70295132234573,14.71444998083557,
577,2024-01-07 07:00:00.000,Asia/Bangkok,,17.77572964669739,18.0426267281106,
578,2024-01-08 07:00:00.000,Asia/Bangkok,,12.0813195243575,12.08285385500575,
579,2024-01-09 07:00:00.000,Asia/Bangkok,,10.28090317642556,10.28090317642556,
580,2024-01-10 07:00:00.000,Asia/Bangkok,,10.49578544061303,10.49578544061303,
581,2024-01-11 07:00:00.000,Asia/Bangkok,,12.98160214641625,12.98160214641625,
582,2024-01-12 07:00:00.000,Asia/Bangkok,,13.18268862504787,13.19609345078514,
583,2024-01-13 07:00:00.000,Asia/Bangkok,,16.80623608017817,16.87268002969562,
584,2024-01-14 07:00:00.000,Asia/Bangkok,,17.33642089662838,17.38125231567247,
585,2024-01-15 07:00:00.000,Asia/Bangkok,,19.63713080168776,19.89067894131185,
586,2024-01-16 07:00:00.000,Asia/Bangkok,,18.92602529704868,19.18014564967421,
587,2024-01-17 07:00:00.000,Asia/Bangkok,,13.00834202294056,13.15293708724366,
588,2024-01-18 07:00:00.000,Asia/Bangkok,,7.267639902676399,7.267639902676399,
589,2024-01-19 07:00:00.000,Asia/Bangkok,,13.37534571315686,13.37574081390755,
590,2024-01-20 07:00:00.000,Asia/Bangkok,,17.98921130952381,18.08072916666667,
591,2024-01-21 07:00:00.000,Asia/Bangkok,,24.41235136171845,25.0475642500959,
592,2024-01-22 07:00:00.000,Asia/Bangkok,,25.11709520500348,26.03370396108409,
593,2024-01-23 07:00:00.000,Asia/Bangkok,,8.048759623609923,8.236526946107784,
594,2024-01-24 07:00:00.000,Asia/Bangkok,,9.706033376123235,9.842961061189559,
595,2024-01-25 07:00:00.000,Asia/Bangkok,,7.898656429942418,7.898656429942418,
596,2024-01-26 07:00:00.000,Asia/Bangkok,,5.852377300613497,5.852377300613497,
597,2024-01-27 07:00:00.000,Asia/Bangkok,,10.06132617861249,10.06132617861249,
598,2024-01-28 07:00:00.000,Asia/Bangkok,,10.74472026676547,10.74472026676547,
599,2024-01-29 07:00:00.000,Asia/Bangkok,,10.99080459770115,10.99080459770115,
600,2024-01-30 07:00:00.000,Asia/Bangkok,,12.23840551935607,12.23840551935607,
601,2024-01-31 07:00:00.000,Asia/Bangkok,,18.79424307036247,18.95984363894812,
602,2024-02-01 07:00:00.000,Asia/Bangkok,,19.51704773365423,19.84797432811873,
603,2024-02-02 07:00:00.000,Asia/Bangkok,,26.53840445269017,27.49350649350649,
604,2024-02-03 07:00:00.000,Asia/Bangkok,,18.86267740698121,19.47295742232451,
605,2024-02-04 07:00:00.000,Asia/Bangkok,,16.72699386503067,16.74539877300613,
606,2024-02-05 07:00:00.000,Asia/Bangkok,,31.01573292402149,33.41864927091328,
607,2024-02-06 07:00:00.000,Asia/Bangkok,,26.32871439568899,28.09622786759045,
608,2024-02-07 07:00:00.000,Asia/Bangkok,,20.74617996604414,21.01188455008489,
609,2024-02-08 07:00:00.000,Asia/Bangkok,,22.80597014925373,23.20972062763108,
610,2024-02-09 07:00:00.000,Asia/Bangkok,,19.88397328881469,20.20492487479132,
611,2024-02-10 07:00:00.000,Asia/Bangkok,,26.6721140472879,28.25625869262865,
612,2024-02-11 07:00:00.000,Asia/Bangkok,,22.18383924754168,22.47327917913638,
613,2024-02-12 07:00:00.000,Asia/Bangkok,,16.38782608695652,16.39269565217391,
614,2024-02-13 07:00:00.000,Asia/Bangkok,,17.28399168399168,17.2964656964657,
615,2024-02-14 07:00:00.000,Asia/Bangkok,,13.19141755062681,13.19189971070395,
616,2024-02-15 07:00:00.000,Asia/Bangkok,,15.54002965159377,15.54373610081542,
617,2024-02-16 07:00:00.000,Asia/Bangkok,,17.81688672689368,17.84433634468381,
618,2024-02-17 07:00:00.000,Asia/Bangkok,,16.24176245210728,16.24942528735632,
619,2024-02-18 07:00:00.000,Asia/Bangkok,,15.9508,15.9728,
620,2024-02-19 07:00:00.000,Asia/Bangkok,,17.36286764705882,17.37941176470588,
621,2024-02-20 07:00:00.000,Asia/Bangkok,,15.31744604316547,15.51618705035971,
622,2024-02-23 07:00:00.000,Asia/Bangkok,,6.780809031044215,6.780809031044215,
623,2024-02-24 07:00:00.000,Asia/Bangkok,,6.24236641221374,6.243511450381679,
624,2024-02-25 07:00:00.000,Asia/Bangkok,,5.286585365853658,5.286585365853658,
625,2024-02-26 07:00:00.000,Asia/Bangkok,,18.01110636480137,18.11917983767621,
626,2024-02-27 07:00:00.000,Asia/Bangkok,,16.67970204841713,16.79562383612663,
627,2024-02-28 07:00:00.000,Asia/Bangkok,,13.9524357499041,13.95665515918681,
628,2024-02-29 07:00:00.000,Asia/Bangkok,,19.53343886030867,19.84210526315789,
629,2024-03-01 07:00:00.000,Asia/Bangkok,,21.13540422142573,21.95101553166069,
630,2024-03-02 07:00:00.000,Asia/Bangkok,,19.14573913043478,19.48869565217391,
631,2024-03-03 07:00:00.000,Asia/Bangkok,,21.08436213991769,21.28765432098766,
632,2024-03-04 07:00:00.000,Asia/Bangkok,,14.4741081703107,14.5090141925585,
633,2024-03-05 07:00:00.000,Asia/Bangkok,,23.62840690978887,24.34088291746641,
634,2024-03-06 07:00:00.000,Asia/Bangkok,,24.00880551301685,24.40084226646248,
635,2024-03-07 07:00:00.000,Asia/Bangkok,,22.73351226993865,23.17599693251534,
636,2024-03-08 07:00:00.000,Asia/Bangkok,,19.41927627000696,19.63256784968685,
637,2024-03-09 07:00:00.000,Asia/Bangkok,,20.17780528052805,20.38696369636964,
638,2024-03-10 07:00:00.000,Asia/Bangkok,,10.36162749912311,10.58505787443002,
639,2024-03-11 07:00:00.000,Asia/Bangkok,,28.56169621133125,29.9610705596107,
640,2024-03-12 07:00:00.000,Asia/Bangkok,,22.2783184118334,22.72090307512651,
641,2024-03-13 07:00:00.000,Asia/Bangkok,,22.73389570552147,23.2726226993865,
642,2024-03-14 07:00:00.000,Asia/Bangkok,,18.4704754601227,18.7760736196319,
643,2024-03-15 07:00:00.000,Asia/Bangkok,,12.0448275862069,12.05172413793103,
644,2024-03-16 07:00:00.000,Asia/Bangkok,,16.60502471169687,16.62397034596376,
645,2024-03-17 07:00:00.000,Asia/Bangkok,,11.02914110429448,11.1092791411043,
646,2024-03-18 07:00:00.000,Asia/Bangkok,,18.84969325153374,18.97967791411043,
647,2024-03-19 07:00:00.000,Asia/Bangkok,,13.98262078554049,13.98540145985401,
648,2024-03-20 07:00:00.000,Asia/Bangkok,,13.4337962962963,13.4462962962963,
649,2024-03-21 07:00:00.000,Asia/Bangkok,,15.42043085476025,15.49722029186935,
650,2024-03-22 07:00:00.000,Asia/Bangkok,,22.55389221556886,23.25106928999145,
651,2024-03-23 07:00:00.000,Asia/Bangkok,,32.89010989010989,36.82417582417582,
652,2024-03-24 07:00:00.000,Asia/Bangkok,,22.36909693454847,22.59113504556752,
653,2024-03-25 07:00:00.000,Asia/Bangkok,,13.76993865030675,13.80291411042945,
654,2024-03-26 07:00:00.000,Asia/Bangkok,,10.41050210808739,10.42238405519356,
655,2024-03-27 07:00:00.000,Asia/Bangkok,,12.83435582822086,13.2569018404908,
656,2024-03-28 07:00:00.000,Asia/Bangkok,,8.763329497506712,8.763329497506712,
657,2024-03-29 07:00:00.000,Asia/Bangkok,,12.7272030651341,12.72835249042146,
658,2024-03-30 07:00:00.000,Asia/Bangkok,,9.739647239263803,9.739647239263803,
659,2024-03-31 07:00:00.000,Asia/Bangkok,,14.73466257668712,14.76725460122699,
660,2024-04-01 07:00:00.000,Asia/Bangkok,,15.55173611111111,15.60868055555556,
661,2024-04-02 07:00:00.000,Asia/Bangkok,,14.14637250742469,14.20025456088248,
662,2024-04-03 07:00:00.000,Asia/Bangkok,,11.58304564633679,11.62639048714998,
663,2024-04-04 07:00:00.000,Asia/Bangkok,,14.70957668285913,14.74843858431645,
664,2024-04-05 07:00:00.000,Asia/Bangkok,,17.98694817658349,18.05182341650672,
665,2024-04-06 07:00:00.000,Asia/Bangkok,,21.39915644171779,21.58703987730062,
666,2024-04-07 07:00:00.000,Asia/Bangkok,,22.66807044410413,23.15390505359877,
667,2024-04-08 07:00:00.000,Asia/Bangkok,,14.60872894333844,14.62212863705972,
668,2024-04-09 07:00:00.000,Asia/Bangkok,,10.62552702184745,10.71751628976619,
669,2024-04-10 07:00:00.000,Asia/Bangkok,,8.604273504273504,8.656837606837607,
670,2024-04-11 07:00:00.000,Asia/Bangkok,,8.581226053639847,8.58544061302682,
671,2024-04-12 07:00:00.000,Asia/Bangkok,,17.90040650406504,18.11260162601626,
672,2024-04-13 07:00:00.000,Asia/Bangkok,,20.44073939833273,20.8590068865531,
673,2024-04-14 07:00:00.000,Asia/Bangkok,,23.93057153816648,24.80207134637514,
674,2024-04-15 07:00:00.000,Asia/Bangkok,,23.36680720582599,24.26101954771943,
675,2024-04-16 07:00:00.000,Asia/Bangkok,,14.21434049079755,14.23888036809816,
676,2024-04-17 07:00:00.000,Asia/Bangkok,,8.212820512820512,8.214529914529914,
677,2024-04-18 07:00:00.000,Asia/Bangkok,,8.646090534979423,8.656378600823045,
678,2024-04-19 07:00:00.000,Asia/Bangkok,,16.07060869565217,16.4855652173913,
679,2024-04-20 07:00:00.000,Asia/Bangkok,,17.88799386267741,18.16110471806674,
680,2024-04-21 07:00:00.000,Asia/Bangkok,,20.50575153374233,20.6875,
681,2024-04-22 07:00:00.000,Asia/Bangkok,,18.92822113241195,19.163174320107,
682,2024-04-23 07:00:00.000,Asia/Bangkok,,27.51245688003066,30.58298198543503,
683,2024-04-24 07:00:00.000,Asia/Bangkok,,23.23864511162433,24.1058506543495,
684,2024-04-25 07:00:00.000,Asia/Bangkok,,26.03397462136717,26.93327875562833,
685,2024-04-26 07:00:00.000,Asia/Bangkok,,22.95370767252465,23.9952850407201,
686,2024-04-27 07:00:00.000,Asia/Bangkok,,20.41893445764661,20.82023763894212,
687,2024-04-28 07:00:00.000,Asia/Bangkok,,9.14296665389038,9.159831353008816,
688,2024-04-29 07:00:00.000,Asia/Bangkok,,12.97776073619632,12.98696319018405,
689,2024-04-30 07:00:00.000,Asia/Bangkok,,14.71861804222649,14.76967370441459,
690,2024-05-01 07:00:00.000,Asia/Bangkok,,12.9972251127298,13.02462712452307,
691,2024-05-02 07:00:00.000,Asia/Bangkok,,12.52852737085582,12.53238242097147,
692,2024-05-03 07:00:00.000,Asia/Bangkok,,13.96114285714286,13.96228571428571,
693,2024-05-04 07:00:00.000,Asia/Bangkok,,16.6494054468738,16.71077867280399,
694,2024-05-05 07:00:00.000,Asia/Bangkok,,14.17610837438424,14.19581280788177,
695,2024-05-10 07:00:00.000,Asia/Bangkok,98.44769678284182,1.900709219858156,1.900709219858156,27.59034852546917
696,2024-06-21 07:00:00.000,Asia/Bangkok,98.68060294117647,7.428571428571429,7.429882044560943,31.68983288770054
697,2024-06-22 07:00:00.000,Asia/Bangkok,100.0,2.591484464902186,2.597238204833141,27.72750000000001
698,2024-06-23 07:00:00.000,Asia/Bangkok,99.509184375,5.676154113155154,5.67719541825755,33.06749999999999
699,2024-06-24 07:00:00.000,Asia/Bangkok,,8.09641638225256,8.139078498293514,
700,2024-06-25 07:00:00.000,Asia/Bangkok,,12.03723034098817,12.16736256089074,
701,2024-06-26 07:00:00.000,Asia/Bangkok,,24.50920951650038,27.72601688411358,
702,2024-06-27 07:00:00.000,Asia/Bangkok,,29.71176775531363,33.21202695697252,
703,2024-06-28 07:00:00.000,Asia/Bangkok,,13.51015228426396,13.64517766497462,
704,2024-06-29 07:00:00.000,Asia/Bangkok,,14.62162162162162,14.63256113256113,
705,2024-07-10 07:00:00.000,Asia/Bangkok,,4.909430826755297,4.909430826755297,
706,2024-07-11 07:00:00.000,Asia/Bangkok,,11.9665306122449,12.09142857142857,
707,2024-07-12 07:00:00.000,Asia/Bangkok,,7.467223382045929,7.492275574112734,
708,2024-07-13 07:00:00.000,Asia/Bangkok,,6.579048349961627,6.58096699923254,
709,2024-07-14 07:00:00.000,Asia/Bangkok,,16.43004982752012,16.5825986968187,
710,2024-07-15 07:00:00.000,Asia/Bangkok,,8.473148148148148,8.646759259259259,
711,2024-07-16 07:00:00.000,Asia/Bangkok,,11.99026425591099,12.17489568845619,
712,2024-07-17 07:00:00.000,Asia/Bangkok,,33.67190494442315,40.20314296665389,
713,2024-07-18 07:00:00.000,Asia/Bangkok,,11.16148830072881,11.16417337936325,
714,2024-07-19 07:00:00.000,Asia/Bangkok,,23.22407407407407,23.97407407407407,
715,2024-07-20 07:00:00.000,Asia/Bangkok,,23.43652102225886,24.22877164056059,
716,2024-07-21 07:00:00.000,Asia/Bangkok,,25.97547892720306,26.97164750957855,
717,2024-07-22 07:00:00.000,Asia/Bangkok,,32.97471264367816,36.64636015325671,
718,2024-07-23 07:00:00.000,Asia/Bangkok,,30.15169811320755,32.27924528301887,
719,2024-07-24 07:00:00.000,Asia/Bangkok,,34.77994642173746,40.75009567546881,
720,2024-07-25 07:00:00.000,Asia/Bangkok,,29.93973310374516,33.02367628067154,
721,2024-07-26 07:00:00.000,Asia/Bangkok,,26.19070041200706,27.08181283107711,
722,2024-07-27 07:00:00.000,Asia/Bangkok,,27.42888643880926,29.95369349503859,
723,2024-07-28 07:00:00.000,Asia/Bangkok,,30.66215277777778,33.10868055555556,
724,2024-07-29 07:00:00.000,Asia/Bangkok,,19.54541559554413,22.90145672664953,
725,2024-07-30 07:00:00.000,Asia/Bangkok,,12.55636503067485,12.58780674846626,
726,2024-07-31 07:00:00.000,Asia/Bangkok,,23.13448275862069,24.47088122605364,
727,2024-08-01 07:00:00.000,Asia/Bangkok,,28.94597701149425,31.34904214559387,
728,2024-08-02 07:00:00.000,Asia/Bangkok,,23.54097144975899,24.48906192065258,
729,2024-08-03 07:00:00.000,Asia/Bangkok,,25.46337448559671,26.23786008230453,
730,2024-08-04 07:00:00.000,Asia/Bangkok,,21.90989263803681,22.94823619631902,
731,2024-08-05 07:00:00.000,Asia/Bangkok,,7.605979302414719,7.605979302414719,
732,2024-08-06 07:00:00.000,Asia/Bangkok,,6.140337423312883,6.140337423312883,
733,2024-08-07 07:00:00.000,Asia/Bangkok,,5.810698159083015,5.810698159083015,
734,2024-08-08 07:00:00.000,Asia/Bangkok,,4.735927727588603,4.900625434329395,
735,2024-08-09 07:00:00.000,Asia/Bangkok,,15.2760736196319,15.79486196319018,
736,2024-08-10 07:00:00.000,Asia/Bangkok,,18.97430981595092,19.34087423312883,
737,2024-08-11 07:00:00.000,Asia/Bangkok,,12.91268533772652,12.98599670510708,
738,2024-08-12 07:00:00.000,Asia/Bangkok,,9.371066768994627,9.452033768227167,
739,2024-08-13 07:00:00.000,Asia/Bangkok,,3.533113944878651,3.533113944878651,
740,2024-08-14 07:00:00.000,Asia/Bangkok,,6.885835913312693,6.885835913312693,
741,2024-08-15 07:00:00.000,Asia/Bangkok,,9.466610312764159,9.467032967032967,
742,2024-08-16 07:00:00.000,Asia/Bangkok,,11.58659003831418,11.59501915708812,
743,2024-08-17 07:00:00.000,Asia/Bangkok,,16.55783258075721,17.39458145189302,
744,2024-08-18 07:00:00.000,Asia/Bangkok,,11.25994014536126,11.28131680205216,
745,2024-08-19 07:00:00.000,Asia/Bangkok,,8.77484364141765,8.784225156358582,
746,2024-08-20 07:00:00.000,Asia/Bangkok,,5.705003474635164,5.705003474635164,
747,2024-08-21 07:00:00.000,Asia/Bangkok,,2.158878504672897,2.158878504672897,
748,2024-08-24 07:00:00.000,Asia/Bangkok,,2.553191489361702,2.553191489361702,
749,2024-08-25 07:00:00.000,Asia/Bangkok,,4.081266039349872,4.081266039349872,
750,2024-08-26 07:00:00.000,Asia/Bangkok,,2.274051360674588,2.274051360674588,
751,2024-08-27 07:00:00.000,Asia/Bangkok,,4.523171198774416,4.523171198774416,
752,2024-08-28 07:00:00.000,Asia/Bangkok,,1.784674329501916,1.784674329501916,
753,2024-08-29 07:00:00.000,Asia/Bangkok,,3.978519370924434,3.978519370924434,
754,2024-08-30 07:00:00.000,Asia/Bangkok,,4.020958083832335,4.020958083832335,
755,2024-08-31 07:00:00.000,Asia/Bangkok,,16.03872699386503,16.16756134969325,
756,2024-09-01 07:00:00.000,Asia/Bangkok,,14.35980053701573,14.38243191407748,
757,2024-09-02 07:00:00.000,Asia/Bangkok,,9.558681969640874,9.564605701592003,
758,2024-09-03 07:00:00.000,Asia/Bangkok,,8.630726515502083,8.630726515502083,
759,2024-09-04 07:00:00.000,Asia/Bangkok,,5.103911042944786,5.109279141104294,
760,2024-09-05 07:00:00.000,Asia/Bangkok,,3.023763894212342,3.023763894212342,
761,2024-09-06 07:00:00.000,Asia/Bangkok,,4.677263581488933,4.677263581488933,
762,2024-09-07 07:00:00.000,Asia/Bangkok,,3.698861047835991,3.698861047835991,
763,2024-09-08 07:00:00.000,Asia/Bangkok,,7.590490797546012,7.625766871165644,
764,2024-09-09 07:00:00.000,Asia/Bangkok,,5.835544833132288,5.911942098914355,
765,2024-09-10 07:00:00.000,Asia/Bangkok,,5.912568306010929,5.912568306010929,
766,2024-09-13 07:00:00.000,Asia/Bangkok,,5.732106339468302,5.734560327198364,
767,2024-09-14 07:00:00.000,Asia/Bangkok,,5.007282483710234,5.007282483710234,
768,2024-09-15 07:00:00.000,Asia/Bangkok,,4.17516289766194,4.17516289766194,
769,2024-09-16 07:00:00.000,Asia/Bangkok,,3.372968349016253,3.372968349016253,
770,2024-09-17 07:00:00.000,Asia/Bangkok,,1.762875138940348,1.762875138940348,
771,2024-09-18 07:00:00.000,Asia/Bangkok,,2.887798634812287,2.887798634812287,
772,2024-09-19 07:00:00.000,Asia/Bangkok,,2.533689400164338,2.533689400164338,
773,2024-09-20 07:00:00.000,Asia/Bangkok,,2.226993865030675,2.226993865030675,
774,2024-09-21 07:00:00.000,Asia/Bangkok,,5.938650306748467,5.938650306748467,
775,2024-09-22 07:00:00.000,Asia/Bangkok,,5.292114031840059,5.29285449833395,
776,2024-09-23 07:00:00.000,Asia/Bangkok,,4.509585889570552,4.509585889570552,
777,2024-09-24 07:00:00.000,Asia/Bangkok,,4.728725251823549,4.728725251823549,
778,2024-09-25 07:00:00.000,Asia/Bangkok,,7.00332383665717,7.00332383665717,
779,2024-09-26 07:00:00.000,Asia/Bangkok,,11.08907040062233,11.121742512641,
780,2024-09-27 07:00:00.000,Asia/Bangkok,,8.56785295267892,8.579585451701213,
781,2024-09-28 07:00:00.000,Asia/Bangkok,,3.417090909090909,3.417090909090909,
782,2024-09-29 07:00:00.000,Asia/Bangkok,,9.04952741020794,9.11266540642722,
783,2024-09-30 07:00:00.000,Asia/Bangkok,,10.34178361249434,10.3635129017655,
784,2024-10-01 07:00:00.000,Asia/Bangkok,,4.579020493226815,4.600208405696423,
785,2024-10-02 07:00:00.000,Asia/Bangkok,,2.453220858895706,2.453220858895706,
786,2024-10-03 07:00:00.000,Asia/Bangkok,,2.550473836011537,2.550473836011537,
787,2024-10-04 07:00:00.000,Asia/Bangkok,,2.687525730753396,2.687525730753396,
788,2024-10-05 07:00:00.000,Asia/Bangkok,,5.300658978583196,5.307660626029654,
789,2024-10-06 07:00:00.000,Asia/Bangkok,,5.928844682478959,5.929227237949503,
790,2024-10-07 07:00:00.000,Asia/Bangkok,,3.491906005221932,3.491906005221932,
791,2024-10-08 07:00:00.000,Asia/Bangkok,,4.934840935224224,4.94174013031813,
792,2024-10-09 07:00:00.000,Asia/Bangkok,,4.733456732993984,4.733456732993984,
793,2024-10-10 07:00:00.000,Asia/Bangkok,,9.103404791929382,9.12568306010929,
794,2024-10-11 07:00:00.000,Asia/Bangkok,,12.04020100502512,12.1394472361809,
795,2024-10-12 07:00:00.000,Asia/Bangkok,,11.23119658119658,11.37051282051282,
796,2024-10-13 07:00:00.000,Asia/Bangkok,,4.602884082085414,4.616195230171936,
797,2024-10-14 07:00:00.000,Asia/Bangkok,,13.1118345461509,14.37954806587514,
798,2024-10-15 07:00:00.000,Asia/Bangkok,,10.58972392638037,10.60391104294479,
799,2024-10-16 07:00:00.000,Asia/Bangkok,,5.442587832047987,5.444301628106255,
800,2024-10-17 07:00:00.000,Asia/Bangkok,,3.950987066031314,3.950987066031314,
801,2024-10-18 07:00:00.000,Asia/Bangkok,,5.019710378117458,5.025744167337088,
802,2024-10-19 07:00:00.000,Asia/Bangkok,,9.158187259512612,9.365113296280462,
803,2024-10-20 07:00:00.000,Asia/Bangkok,,7.492154611557597,7.729429774205894,
804,2024-10-21 07:00:00.000,Asia/Bangkok,,6.027092740534908,6.164987843001042,
805,2024-10-22 07:00:00.000,Asia/Bangkok,,8.482177079340744,8.483326945189727,
806,2024-10-23 07:00:00.000,Asia/Bangkok,,8.233744855967078,8.25679012345679,
807,2024-10-24 07:00:00.000,Asia/Bangkok,,8.145322085889571,8.145322085889571,
808,2024-10-25 07:00:00.000,Asia/Bangkok,,9.56956688386355,9.604062859333078,
809,2024-10-26 07:00:00.000,Asia/Bangkok,,4.417651146629604,4.417651146629604,
810,2024-10-27 07:00:00.000,Asia/Bangkok,,3.718031464300121,3.718031464300121,
811,2024-10-28 07:00:00.000,Asia/Bangkok,,4.246796045404614,4.246796045404614,
812,2024-10-29 07:00:00.000,Asia/Bangkok,,6.097014925373134,6.097014925373134,
813,2024-10-30 07:00:00.000,Asia/Bangkok,,17.09818451278251,17.31752500926269,
814,2024-10-31 07:00:00.000,Asia/Bangkok,,10.18472468916519,10.19893428063943,
815,2024-11-01 07:00:00.000,Asia/Bangkok,,8.772301284276294,8.777854911489067,
816,2024-11-02 07:00:00.000,Asia/Bangkok,,3.69313387034906,3.69313387034906,
817,2024-11-03 07:00:00.000,Asia/Bangkok,,8.123611111111112,8.130092592592593,
818,2024-11-04 07:00:00.000,Asia/Bangkok,,7.380971993410214,7.380971993410214,
819,2024-11-05 07:00:00.000,Asia/Bangkok,,8.235722499041778,8.242238405519355,
820,2024-11-06 07:00:00.000,Asia/Bangkok,,2.776159448064393,2.798006899195094,
821,2024-11-07 07:00:00.000,Asia/Bangkok,,4.05610278372591,4.05610278372591,
822,2024-11-08 07:00:00.000,Asia/Bangkok,,2.878704970360237,2.878704970360237,
823,2024-11-09 07:00:00.000,Asia/Bangkok,,1.722179585571757,1.722179585571757,
824,2024-11-10 07:00:00.000,Asia/Bangkok,,6.467183041174072,6.47289033836119,
825,2024-11-11 07:00:00.000,Asia/Bangkok,,2.046699438202247,2.046699438202247,
826,2024-11-12 07:00:00.000,Asia/Bangkok,,2.129186602870814,2.129186602870814,
827,2024-11-13 07:00:00.000,Asia/Bangkok,,2.476884103863204,2.476884103863204,
828,2024-11-14 07:00:00.000,Asia/Bangkok,,8.078565328778822,8.078565328778822,
829,2024-11-15 07:00:00.000,Asia/Bangkok,,12.56497695852535,12.5741935483871,
830,2024-11-16 07:00:00.000,Asia/Bangkok,,13.40054200542005,13.47804878048781,
831,2024-11-17 07:00:00.000,Asia/Bangkok,,6.166168304143528,6.175565997436992,
832,2024-11-18 07:00:00.000,Asia/Bangkok,,7.662706017631276,7.662706017631276,
833,2024-11-19 07:00:00.000,Asia/Bangkok,,8.870423693953105,8.870423693953105,
834,2024-11-20 07:00:00.000,Asia/Bangkok,,7.689391037916507,7.689391037916507,
835,2024-11-21 07:00:00.000,Asia/Bangkok,,3.94408272692455,3.94408272692455,
836,2024-11-22 07:00:00.000,Asia/Bangkok,,1.823867996930161,1.823867996930161,
837,2024-11-23 07:00:00.000,Asia/Bangkok,,1.863374485596708,1.863374485596708,
838,2024-11-24 07:00:00.000,Asia/Bangkok,,5.24879495736003,5.257322951427512,
839,2024-11-25 07:00:00.000,Asia/Bangkok,,1.745398773006135,1.745398773006135,
840,2024-11-26 07:00:00.000,Asia/Bangkok,,2.506949270326616,2.506949270326616,
841,2024-11-27 07:00:00.000,Asia/Bangkok,,5.917989417989418,5.918745275888133,
842,2024-11-28 07:00:00.000,Asia/Bangkok,,4.177293934681182,4.177293934681182,
843,2024-11-29 07:00:00.000,Asia/Bangkok,,1.109961685823755,1.109961685823755,
844,2024-11-30 07:00:00.000,Asia/Bangkok,,4.909158324063775,4.909158324063775,
845,2024-12-01 07:00:00.000,Asia/Bangkok,,11.8635492525872,11.8635492525872,
846,2024-12-02 07:00:00.000,Asia/Bangkok,,8.247777777777777,8.247777777777777,
847,2024-12-03 07:00:00.000,Asia/Bangkok,,11.4024530471445,11.40666922192411,
848,2024-12-04 07:00:00.000,Asia/Bangkok,,14.243359375,14.29765625,
849,2024-12-05 07:00:00.000,Asia/Bangkok,,6.681589958158995,6.681589958158995,
850,2024-12-06 07:00:00.000,Asia/Bangkok,,4.85906351414001,4.85906351414001,
851,2024-12-07 07:00:00.000,Asia/Bangkok,,6.998085024894676,6.998085024894676,
852,2024-12-08 07:00:00.000,Asia/Bangkok,,7.233218258534714,7.233985423858842,
853,2024-12-09 07:00:00.000,Asia/Bangkok,,6.321111111111111,6.321111111111111,
854,2024-12-10 07:00:00.000,Asia/Bangkok,,4.392919125303714,4.392919125303714,
855,2024-12-11 07:00:00.000,Asia/Bangkok,,8.414110429447852,8.414110429447852,
856,2024-12-12 07:00:00.000,Asia/Bangkok,,15.1688654353562,15.2122125895213,
857,2024-12-13 07:00:00.000,Asia/Bangkok,,15.63707165109034,15.72546728971963,
858,2024-12-14 07:00:00.000,Asia/Bangkok,,6.32579532387888,6.326561901111537,
859,2024-12-15 07:00:00.000,Asia/Bangkok,,4.049391304347826,4.108869565217391,
860,2024-12-16 07:00:00.000,Asia/Bangkok,,1.287576687116564,1.287576687116564,
861,2024-12-17 07:00:00.000,Asia/Bangkok,,3.281744335185977,3.281744335185977,
862,2024-12-18 07:00:00.000,Asia/Bangkok,,9.547843942505134,9.548665297741273,
863,2024-12-19 07:00:00.000,Asia/Bangkok,,9.247569444444444,9.247569444444444,
864,2024-12-20 07:00:00.000,Asia/Bangkok,,7.204199258954302,7.204199258954302,
865,2024-12-21 07:00:00.000,Asia/Bangkok,,11.59358974358974,11.59358974358974,
866,2024-12-22 07:00:00.000,Asia/Bangkok,,14.10042161747796,14.10425450364124,
867,2024-12-23 07:00:00.000,Asia/Bangkok,,19.23239436619718,19.27353595255745,
868,2024-12-24 07:00:00.000,Asia/Bangkok,,17.83269565217391,17.85460869565217,
869,2024-12-25 07:00:00.000,Asia/Bangkok,,17.10280015343307,17.19140774836977,
870,2024-12-26 07:00:00.000,Asia/Bangkok,,17.50138985406532,17.90583738707436,
871,2024-12-27 07:00:00.000,Asia/Bangkok,,13.76287110108982,13.87673806839534,
872,2024-12-28 07:00:00.000,Asia/Bangkok,,5.444939271255061,5.444939271255061,
873,2024-12-29 07:00:00.000,Asia/Bangkok,,3.212039877300613,3.212039877300613,
874,2024-12-30 07:00:00.000,Asia/Bangkok,,4.063882063882064,4.063882063882064,
875,2024-12-31 07:00:00.000,Asia/Bangkok,,16.60706773243584,16.62641985696256,
876,2025-01-01 07:00:00.000,Asia/Bangkok,,20.97671994440584,23.18311327310632,
877,2025-01-02 07:00:00.000,Asia/Bangkok,,17.34972210346302,17.36810602821719,
878,2025-01-03 07:00:00.000,Asia/Bangkok,,16.81173312883435,16.83358895705522,
879,2025-01-04 07:00:00.000,Asia/Bangkok,,21.57574704656011,22.10145934676859,
880,2025-01-05 07:00:00.000,Asia/Bangkok,,13.62552702184745,14.17861249520889,
881,2025-01-06 07:00:00.000,Asia/Bangkok,,15.57307249712313,16.10586881472958,
882,2025-01-07 07:00:00.000,Asia/Bangkok,,28.41205837173579,30.18855606758833,
883,2025-01-08 07:00:00.000,Asia/Bangkok,,23.96857033346109,25.19202759678037,
884,2025-01-09 07:00:00.000,Asia/Bangkok,,25.8857998289136,26.79170230966638,
885,2025-01-10 07:00:00.000,Asia/Bangkok,,28.71830496700243,30.3782563390066,
886,2025-01-11 07:00:00.000,Asia/Bangkok,,27.47627191107311,29.27875160324925,
887,2025-01-12 07:00:00.000,Asia/Bangkok,,23.32413793103448,24.01149425287356,
888,2025-01-13 07:00:00.000,Asia/Bangkok,,25.45534687619778,27.79494059026447,
889,2025-01-14 07:00:00.000,Asia/Bangkok,,36.46472392638037,42.46894171779141,
890,2025-01-15 07:00:00.000,Asia/Bangkok,,32.93366564417178,35.91756134969325,
891,2025-01-16 07:00:00.000,Asia/Bangkok,,22.1199165797706,25.42509558567953,
892,2025-01-17 07:00:00.000,Asia/Bangkok,,4.769701919150673,4.769701919150673,
893,2025-01-18 07:00:00.000,Asia/Bangkok,,6.017460317460317,6.017460317460317,
894,2025-01-19 07:00:00.000,Asia/Bangkok,,22.83944009880609,24.12433100041169,
895,2025-01-20 07:00:00.000,Asia/Bangkok,,25.28242074927954,26.11403869905311,
896,2025-01-21 07:00:00.000,Asia/Bangkok,,12.25436179981635,12.25436179981635,
897,2025-01-22 07:00:00.000,Asia/Bangkok,,22.34756343133306,22.73378977043899,
898,2025-01-23 07:00:00.000,Asia/Bangkok,,28.96355964710395,30.27886459532029,
899,2025-01-24 07:00:00.000,Asia/Bangkok,,24.33141762452107,25.54252873563219,
900,2025-01-25 07:00:00.000,Asia/Bangkok,,9.822298163178129,9.850491243058523,
901,2025-01-26 07:00:00.000,Asia/Bangkok,,17.53962900505902,17.75843170320405,
902,2025-01-27 07:00:00.000,Asia/Bangkok,,9.354037267080745,9.354037267080745,
903,2025-01-28 07:00:00.000,Asia/Bangkok,,10.14302147239264,10.14302147239264,
904,2025-01-29 07:00:00.000,Asia/Bangkok,,9.463161933998466,9.463161933998466,
905,2025-01-30 07:00:00.000,Asia/Bangkok,,14.05683760683761,14.05897435897436,
906,2025-01-31 07:00:00.000,Asia/Bangkok,,12.89647239263804,12.8976226993865,
907,2025-02-01 07:00:00.000,Asia/Bangkok,,23.14735283228434,23.60829322473158,
908,2025-02-02 07:00:00.000,Asia/Bangkok,,21.41542002301496,21.57268891446107,
909,2025-02-03 07:00:00.000,Asia/Bangkok,,18.85823754789272,19.15402298850575,
910,2025-02-04 07:00:00.000,Asia/Bangkok,,18.78271604938272,19.05679012345679,
911,2025-02-05 07:00:00.000,Asia/Bangkok,,7.961656441717792,7.961656441717792,
912,2025-02-06 07:00:00.000,Asia/Bangkok,,10.27395833333333,10.27395833333333,
913,2025-02-07 07:00:00.000,Asia/Bangkok,,15.95602049530316,15.96413321947054,
914,2025-02-08 07:00:00.000,Asia/Bangkok,,17.29937413073714,17.32093184979138,
915,2025-02-09 07:00:00.000,Asia/Bangkok,,12.53757668711656,12.53872699386503,
916,2025-02-10 07:00:00.000,Asia/Bangkok,,16.15221238938053,16.21132743362832,
917,2025-02-11 07:00:00.000,Asia/Bangkok,,17.81609627679579,17.87213238059421,
918,2025-02-11 11:12:33.813,Asia/Bangkok,,21.13833992094862,21.71739130434782,
