Unnamed: 0,timestamp,timezone,humidity,pm_10,pm_2_5,pm_2_5_sp,temperature
0,2024-01-11 13:00:00,Asia/Bangkok,,20.51851851851852,19.62962962962963,19.62962962962963,
1,2024-01-11 14:00:00,Asia/Bangkok,,21.35,20.4,20.65,
2,2024-01-11 15:00:00,Asia/Bangkok,,19.08333333333333,17.71666666666667,17.71666666666667,
3,2024-01-11 16:00:00,Asia/Bangkok,,20.3,19.21666666666667,19.21666666666667,
4,2024-01-11 17:00:00,Asia/Bangkok,,23.1,22.41666666666667,22.45,
5,2024-01-11 18:00:00,Asia/Bangkok,,33.1,30.0,32.53333333333333,
6,2024-01-11 19:00:00,Asia/Bangkok,,27.93333333333333,25.95,26.51666666666667,
7,2024-01-11 20:00:00,Asia/Bangkok,,27.5,25.95,26.41666666666667,
8,2024-01-11 21:00:00,Asia/Bangkok,,24.71666666666667,23.43333333333333,23.5,
9,2024-01-11 22:00:00,Asia/Bangkok,,28.03333333333333,25.91666666666667,26.05,
10,2024-01-11 23:00:00,Asia/Bangkok,,30.05,28.23333333333333,28.86666666666667,
11,2024-01-12 00:00:00,Asia/Bangkok,,23.51666666666667,21.4,22.36666666666667,
12,2024-01-12 01:00:00,Asia/Bangkok,,16.48333333333333,15.86666666666667,15.86666666666667,
13,2024-01-12 02:00:00,Asia/Bangkok,,15.15,14.2,14.2,
14,2024-01-12 03:00:00,Asia/Bangkok,,34.55,29.6,32.53333333333333,
15,2024-01-12 04:00:00,Asia/Bangkok,,19.26666666666667,18.11666666666667,18.13333333333333,
16,2024-01-12 05:00:00,Asia/Bangkok,,15.28333333333333,14.15,14.15,
17,2024-01-12 06:00:00,Asia/Bangkok,,10.41666666666667,9.516666666666667,9.516666666666667,
18,2024-01-12 07:00:00,Asia/Bangkok,,16.93333333333333,15.91666666666667,15.96666666666667,
19,2024-01-12 08:00:00,Asia/Bangkok,,38.13333333333333,33.45,36.45,
20,2024-01-12 09:00:00,Asia/Bangkok,,40.2,34.96666666666667,39.41666666666666,
21,2024-01-12 10:00:00,Asia/Bangkok,,31.5,29.11666666666667,30.05,
22,2024-01-12 11:00:00,Asia/Bangkok,,35.63333333333333,31.75,33.43333333333333,
23,2024-01-12 12:00:00,Asia/Bangkok,,34.98333333333333,31.61666666666667,33.66666666666666,
24,2024-01-12 13:00:00,Asia/Bangkok,,43.36842105263158,37.10526315789474,42.50877192982456,
25,2024-01-12 14:00:00,Asia/Bangkok,,9.833333333333334,9.483333333333333,9.483333333333333,
26,2024-01-12 15:00:00,Asia/Bangkok,,8.216666666666667,7.85,7.85,
27,2024-01-12 16:00:00,Asia/Bangkok,,8.7,8.2,8.266666666666667,
28,2024-01-12 17:00:00,Asia/Bangkok,,8.416666666666666,8.05,8.05,
29,2024-01-12 18:00:00,Asia/Bangkok,,25.4,23.61666666666667,26.33333333333333,
30,2024-01-12 19:00:00,Asia/Bangkok,,33.96666666666667,30.78333333333333,32.4,
31,2024-01-12 20:00:00,Asia/Bangkok,,21.23333333333333,19.86666666666667,19.93333333333333,
32,2024-01-12 21:00:00,Asia/Bangkok,,18.16666666666667,17.36666666666667,17.36666666666667,
33,2024-01-12 22:00:00,Asia/Bangkok,,17.87719298245614,17.03508771929825,17.03508771929825,
34,2024-01-12 23:00:00,Asia/Bangkok,,18.43333333333333,17.01666666666667,17.01666666666667,
35,2024-01-13 00:00:00,Asia/Bangkok,,17.13333333333333,15.88333333333333,15.88333333333333,
36,2024-01-13 01:00:00,Asia/Bangkok,,16.51666666666667,15.31666666666667,15.31666666666667,
37,2024-01-13 02:00:00,Asia/Bangkok,,15.96666666666667,15.05,15.05,
38,2024-01-13 03:00:00,Asia/Bangkok,,16.55,15.76666666666667,15.76666666666667,
39,2024-01-13 04:00:00,Asia/Bangkok,,15.98333333333333,14.98333333333333,14.98333333333333,
40,2024-01-13 05:00:00,Asia/Bangkok,,21.06666666666667,19.81666666666667,19.81666666666667,
41,2024-01-13 06:00:00,Asia/Bangkok,,35.95,31.9,33.9,
42,2024-01-13 07:00:00,Asia/Bangkok,,46.5,38.73333333333333,45.83333333333334,
43,2024-01-13 08:00:00,Asia/Bangkok,,34.88333333333333,30.76666666666667,32.63333333333333,
44,2024-01-13 09:00:00,Asia/Bangkok,,34.2,31.01666666666667,32.55,
45,2024-01-13 10:00:00,Asia/Bangkok,,28.7,26.41666666666667,26.73333333333333,
46,2024-01-13 11:00:00,Asia/Bangkok,,37.36666666666667,32.71666666666667,35.13333333333333,
47,2024-01-13 12:00:00,Asia/Bangkok,,42.08333333333334,36.25,41.08333333333334,
48,2024-01-13 13:00:00,Asia/Bangkok,,46.3,39.13333333333333,45.96666666666667,
49,2024-01-13 14:00:00,Asia/Bangkok,,35.85,31.96666666666667,34.7,
50,2024-01-13 15:00:00,Asia/Bangkok,,20.95,19.93333333333333,19.93333333333333,
51,2024-01-13 16:00:00,Asia/Bangkok,,25.9,23.75,24.85,
52,2024-01-13 17:00:00,Asia/Bangkok,,30.5,27.88333333333333,28.71666666666667,
53,2024-01-13 18:00:00,Asia/Bangkok,,35.8,31.38333333333333,34.41666666666666,
54,2024-01-13 19:00:00,Asia/Bangkok,,58.65,47.48333333333333,64.66666666666667,
55,2024-01-13 20:00:00,Asia/Bangkok,,65.4,52.66666666666666,77.71666666666667,
56,2024-01-13 21:00:00,Asia/Bangkok,,64.15254237288136,51.91525423728814,74.9322033898305,
57,2024-01-13 22:00:00,Asia/Bangkok,,51.06896551724138,42.10344827586207,52.29310344827586,
58,2024-01-13 23:00:00,Asia/Bangkok,,50.3,41.56666666666667,51.63333333333333,
59,2024-01-14 00:00:00,Asia/Bangkok,,48.38333333333333,39.68333333333333,47.53333333333333,
60,2024-01-14 01:00:00,Asia/Bangkok,,42.55,35.83333333333334,40.06666666666667,
61,2024-01-14 02:00:00,Asia/Bangkok,,43.68333333333333,37.23333333333333,43.06666666666667,
62,2024-01-14 03:00:00,Asia/Bangkok,,44.03333333333333,37.06666666666667,42.5,
63,2024-01-14 04:00:00,Asia/Bangkok,,43.88333333333333,37.13333333333333,43.5,
64,2024-01-14 05:00:00,Asia/Bangkok,,40.45,35.13333333333333,39.05,
65,2024-01-14 06:00:00,Asia/Bangkok,,38.51666666666667,33.88333333333333,36.83333333333334,
66,2024-01-14 07:00:00,Asia/Bangkok,,37.93333333333333,33.71666666666667,36.66666666666666,
67,2024-01-14 08:00:00,Asia/Bangkok,,44.18333333333333,37.63333333333333,43.26666666666667,
68,2024-01-14 09:00:00,Asia/Bangkok,,37.93333333333333,33.23333333333333,36.06666666666667,
69,2024-01-14 10:00:00,Asia/Bangkok,,34.86666666666667,31.08333333333333,32.46666666666667,
70,2024-01-14 11:00:00,Asia/Bangkok,,33.18333333333333,29.83333333333333,31.26666666666667,
71,2024-01-14 12:00:00,Asia/Bangkok,,22.86666666666667,21.71666666666667,21.73333333333333,
72,2024-01-14 13:00:00,Asia/Bangkok,,20.9,19.63333333333333,19.63333333333333,
73,2024-01-14 14:00:00,Asia/Bangkok,,26.93333333333333,25.0,25.18333333333333,
74,2024-01-14 15:00:00,Asia/Bangkok,,29.45,26.95,27.28333333333333,
75,2024-01-14 16:00:00,Asia/Bangkok,,36.58333333333334,33.31666666666667,40.86666666666667,
76,2024-01-14 17:00:00,Asia/Bangkok,,34.5,31.2,33.58333333333334,
77,2024-01-14 18:00:00,Asia/Bangkok,,46.1,38.8,45.8,
78,2024-01-14 19:00:00,Asia/Bangkok,,52.31666666666667,43.15,55.38333333333333,
79,2024-01-14 20:00:00,Asia/Bangkok,,49.28333333333333,41.0,50.16666666666666,
80,2024-01-14 21:00:00,Asia/Bangkok,,45.94915254237288,38.66101694915254,45.25423728813559,
81,2024-01-14 22:00:00,Asia/Bangkok,,47.82758620689656,39.75862068965517,47.56896551724138,
82,2024-01-14 23:00:00,Asia/Bangkok,,41.46666666666667,35.56666666666667,39.65,
83,2024-01-15 00:00:00,Asia/Bangkok,,45.55,38.36666666666667,44.88333333333333,
84,2024-01-15 01:00:00,Asia/Bangkok,,38.76666666666667,34.0,37.16666666666666,
85,2024-01-15 02:00:00,Asia/Bangkok,,35.61666666666667,32.26666666666667,34.28333333333333,
86,2024-01-15 03:00:00,Asia/Bangkok,,39.5,34.43333333333333,38.21666666666667,
87,2024-01-15 04:00:00,Asia/Bangkok,,43.1,36.43333333333333,41.58333333333334,
88,2024-01-15 05:00:00,Asia/Bangkok,,41.4,35.53333333333333,39.66666666666666,
89,2024-01-15 06:00:00,Asia/Bangkok,,49.33333333333334,40.85,49.45,
90,2024-01-15 07:00:00,Asia/Bangkok,,44.98333333333333,38.0,44.03333333333333,
91,2024-01-15 08:00:00,Asia/Bangkok,,42.46666666666667,36.8,42.7,
92,2024-01-15 09:00:00,Asia/Bangkok,,51.66666666666666,42.91666666666666,53.98333333333333,
93,2024-01-15 10:00:00,Asia/Bangkok,,54.66666666666666,44.61666666666667,57.83333333333334,
94,2024-01-15 11:00:00,Asia/Bangkok,,48.6,40.65,49.96666666666667,
95,2024-01-15 12:00:00,Asia/Bangkok,,54.38333333333333,44.81666666666667,58.43333333333333,
96,2024-01-15 13:00:00,Asia/Bangkok,,42.41666666666666,36.66666666666666,41.86666666666667,
97,2024-01-15 14:00:00,Asia/Bangkok,,31.61666666666667,29.28333333333333,30.25,
98,2024-01-15 15:00:00,Asia/Bangkok,,42.26666666666667,37.33333333333334,44.33333333333334,
99,2024-01-15 16:00:00,Asia/Bangkok,,24.51666666666667,22.8,23.33333333333333,
100,2024-01-15 17:00:00,Asia/Bangkok,,17.05,16.2,16.23333333333333,
101,2024-01-15 18:00:00,Asia/Bangkok,,25.8,22.98333333333333,25.35,
102,2024-01-15 19:00:00,Asia/Bangkok,,72.94915254237289,64.98305084745763,97.27118644067797,
103,2024-01-15 20:00:00,Asia/Bangkok,,79.53333333333333,70.71666666666667,107.05,
104,2024-01-15 21:00:00,Asia/Bangkok,,47.43333333333333,39.76666666666667,49.78333333333333,
105,2024-01-15 22:00:00,Asia/Bangkok,,30.46551724137931,28.37931034482759,28.96551724137931,
106,2024-01-15 23:00:00,Asia/Bangkok,,46.88333333333333,39.18333333333333,46.43333333333333,
107,2024-01-16 00:00:00,Asia/Bangkok,,47.38333333333333,39.68333333333333,47.56666666666667,
108,2024-01-16 01:00:00,Asia/Bangkok,,49.76666666666667,41.4,50.96666666666667,
109,2024-01-16 02:00:00,Asia/Bangkok,,47.7,40.03333333333333,47.93333333333333,
110,2024-01-16 03:00:00,Asia/Bangkok,,37.33333333333334,32.66666666666666,34.88888888888889,
111,2024-05-29 10:00:00,Asia/Bangkok,,17.17073170731707,15.60975609756098,15.60975609756098,
112,2024-05-29 11:00:00,Asia/Bangkok,,17.05,15.91666666666667,15.91666666666667,
113,2024-05-29 12:00:00,Asia/Bangkok,,13.21666666666667,12.36666666666667,12.36666666666667,
114,2024-05-29 13:00:00,Asia/Bangkok,,12.95121951219512,12.19512195121951,12.19512195121951,
115,2024-06-04 13:00:00,Asia/Bangkok,,9.911764705882353,9.0,9.0,
116,2024-06-04 14:00:00,Asia/Bangkok,,11.92452830188679,10.90566037735849,10.90566037735849,
117,2024-06-13 17:00:00,Asia/Bangkok,,20.03389830508475,18.74576271186441,18.74576271186441,
118,2024-06-13 18:00:00,Asia/Bangkok,,24.93333333333333,23.08333333333333,23.73333333333333,
119,2024-06-13 19:00:00,Asia/Bangkok,,35.05084745762712,30.89830508474576,32.66101694915254,
120,2024-06-13 20:00:00,Asia/Bangkok,,29.1,25.8,26.56666666666667,
121,2024-06-13 21:00:00,Asia/Bangkok,,27.41666666666667,24.78333333333333,24.86666666666667,
122,2024-06-13 22:00:00,Asia/Bangkok,,29.86666666666667,26.15,26.53333333333333,
123,2024-06-13 23:00:00,Asia/Bangkok,,37.21666666666667,32.18333333333333,34.91666666666666,
124,2024-06-14 00:00:00,Asia/Bangkok,,39.2,32.95,35.51666666666667,
125,2024-06-14 01:00:00,Asia/Bangkok,,43.63333333333333,36.5,41.55,
126,2024-06-14 02:00:00,Asia/Bangkok,,51.76666666666667,41.35,50.68333333333333,
127,2024-06-14 03:00:00,Asia/Bangkok,,52.75,43.08333333333334,54.41666666666666,
128,2024-06-14 04:00:00,Asia/Bangkok,,43.66666666666666,36.16666666666666,40.91666666666666,
129,2024-06-14 05:00:00,Asia/Bangkok,,39.36666666666667,33.43333333333333,36.38333333333333,
130,2024-06-14 06:00:00,Asia/Bangkok,,35.16666666666666,31.06666666666667,32.65,
131,2024-06-14 07:00:00,Asia/Bangkok,,34.71186440677966,30.35593220338983,31.72881355932203,
132,2024-06-14 08:00:00,Asia/Bangkok,,35.91379310344828,30.32758620689655,32.39655172413793,
133,2024-06-14 09:00:00,Asia/Bangkok,,26.20338983050847,23.50847457627119,23.86440677966102,
134,2024-06-14 10:00:00,Asia/Bangkok,,25.82758620689655,23.20689655172414,23.24137931034483,
135,2024-06-14 11:00:00,Asia/Bangkok,,30.5,26.69444444444444,26.97222222222222,
136,2024-06-18 14:00:00,Asia/Bangkok,,9.0,9.0,9.0,
137,2024-08-12 14:00:00,Asia/Bangkok,,9.11111111111111,8.416666666666666,8.416666666666666,
138,2024-08-12 15:00:00,Asia/Bangkok,,8.933333333333334,8.333333333333334,8.333333333333334,
139,2024-08-12 16:00:00,Asia/Bangkok,,10.46666666666667,9.516666666666667,9.516666666666667,
140,2024-08-12 17:00:00,Asia/Bangkok,,10.33333333333333,9.483333333333333,9.483333333333333,
141,2024-08-12 18:00:00,Asia/Bangkok,,12.85,11.76666666666667,11.76666666666667,
142,2024-08-12 19:00:00,Asia/Bangkok,,30.65,26.1,27.36666666666667,
143,2024-08-12 20:00:00,Asia/Bangkok,,40.05,33.75,36.83333333333334,
144,2024-08-12 21:00:00,Asia/Bangkok,,35.1,30.65,32.01666666666667,
145,2024-08-12 22:00:00,Asia/Bangkok,,35.25,30.8,32.36666666666667,
146,2024-08-12 23:00:00,Asia/Bangkok,,35.48333333333333,30.76666666666667,32.08333333333334,
147,2024-08-13 00:00:00,Asia/Bangkok,,39.01666666666667,33.31666666666667,36.16666666666666,
148,2024-08-13 01:00:00,Asia/Bangkok,,27.31666666666667,24.33333333333333,24.46666666666667,
149,2024-08-13 02:00:00,Asia/Bangkok,,17.66666666666667,16.45,16.45,
150,2024-08-13 03:00:00,Asia/Bangkok,,31.68333333333333,28.13333333333333,29.26666666666667,
151,2024-08-13 04:00:00,Asia/Bangkok,,29.05,26.38333333333333,26.76666666666667,
152,2024-08-13 05:00:00,Asia/Bangkok,,29.43333333333333,26.03333333333333,26.26666666666667,
153,2024-08-13 06:00:00,Asia/Bangkok,,38.15,32.08333333333334,36.33333333333334,
154,2024-08-13 07:00:00,Asia/Bangkok,,32.16666666666666,27.83333333333333,28.58333333333333,
155,2024-08-13 08:00:00,Asia/Bangkok,,32.67241379310344,28.43103448275862,29.6551724137931,
156,2024-08-13 09:00:00,Asia/Bangkok,,20.88333333333333,19.28333333333333,19.28333333333333,
157,2024-08-13 10:00:00,Asia/Bangkok,,22.38333333333333,20.11666666666667,20.13333333333333,
158,2024-08-13 11:00:00,Asia/Bangkok,,20.66666666666667,19.3,19.3,
159,2024-08-13 12:00:00,Asia/Bangkok,,25.43333333333333,22.96666666666667,23.58333333333333,
160,2024-08-13 13:00:00,Asia/Bangkok,,26.5,20.5,20.5,
161,2024-10-17 16:00:00,Asia/Bangkok,,9.833333333333334,9.166666666666666,9.166666666666666,
162,2024-10-17 17:00:00,Asia/Bangkok,,20.68333333333333,17.56666666666667,19.85,
163,2024-10-17 18:00:00,Asia/Bangkok,,31.05,25.91666666666667,28.01666666666667,
164,2024-10-17 19:00:00,Asia/Bangkok,,31.38333333333333,26.88333333333333,27.7,
165,2024-10-17 20:00:00,Asia/Bangkok,,28.81666666666667,25.81666666666667,26.08333333333333,
166,2024-10-17 21:00:00,Asia/Bangkok,,25.26666666666667,22.56666666666667,22.58333333333333,
167,2024-10-17 22:00:00,Asia/Bangkok,,18.15,16.6,16.6,
168,2024-10-17 23:00:00,Asia/Bangkok,,10.06779661016949,9.203389830508474,9.203389830508474,
169,2024-10-18 00:00:00,Asia/Bangkok,,2.982758620689655,2.827586206896552,2.827586206896552,
170,2024-10-18 01:00:00,Asia/Bangkok,,4.237288135593221,3.779661016949153,3.779661016949153,
171,2024-10-18 02:00:00,Asia/Bangkok,,3.87719298245614,3.491228070175439,3.491228070175439,
172,2024-10-18 09:00:00,Asia/Bangkok,,29.89473684210526,25.15789473684211,26.68421052631579,
173,2024-10-18 10:00:00,Asia/Bangkok,,17.51666666666667,15.35,15.35,
174,2024-10-18 11:00:00,Asia/Bangkok,,7.050847457627119,6.322033898305085,6.322033898305085,
175,2024-10-18 12:00:00,Asia/Bangkok,,3.183333333333333,2.716666666666667,2.716666666666667,
176,2024-10-18 13:00:00,Asia/Bangkok,,3.116666666666667,2.833333333333333,2.833333333333333,
177,2024-10-18 14:00:00,Asia/Bangkok,,2.716666666666667,2.35,2.35,
178,2024-10-18 15:00:00,Asia/Bangkok,,3.316666666666667,2.766666666666667,2.766666666666667,
179,2024-10-18 16:00:00,Asia/Bangkok,,3.338983050847458,3.084745762711865,3.084745762711865,
180,2024-10-18 17:00:00,Asia/Bangkok,,1.447368421052632,1.342105263157895,1.342105263157895,
181,2024-10-18 18:00:00,Asia/Bangkok,,28.79310344827586,24.77586206896552,34.43103448275862,
182,2024-10-18 19:00:00,Asia/Bangkok,,28.78333333333333,24.21666666666667,27.31666666666667,
183,2024-10-18 20:00:00,Asia/Bangkok,,17.6,16.0,16.0,
184,2024-10-18 21:00:00,Asia/Bangkok,,16.33333333333333,14.45,14.45,
185,2024-10-18 22:00:00,Asia/Bangkok,,12.31666666666667,10.66666666666667,10.66666666666667,
186,2024-10-18 23:00:00,Asia/Bangkok,,12.83333333333333,11.05,11.05,
187,2024-10-19 00:00:00,Asia/Bangkok,,15.5,14.06666666666667,14.06666666666667,
188,2024-10-19 01:00:00,Asia/Bangkok,,19.06666666666667,16.66666666666667,18.33333333333333,
189,2024-10-19 02:00:00,Asia/Bangkok,,5.491525423728813,5.0,5.0,
190,2024-10-19 03:00:00,Asia/Bangkok,,5.95,5.316666666666666,5.316666666666666,
191,2024-10-19 04:00:00,Asia/Bangkok,,7.583333333333333,6.65,6.65,
192,2024-10-19 05:00:00,Asia/Bangkok,,10.35,9.383333333333333,9.383333333333333,
193,2024-10-19 06:00:00,Asia/Bangkok,,11.58333333333333,10.15,10.15,
194,2024-10-19 07:00:00,Asia/Bangkok,,19.3,16.45,17.73333333333333,
195,2024-10-19 08:00:00,Asia/Bangkok,,37.23333333333333,30.16666666666667,36.55,
196,2024-10-19 09:00:00,Asia/Bangkok,,17.94827586206896,15.82758620689655,15.94827586206897,
197,2024-10-19 10:00:00,Asia/Bangkok,,20.86666666666667,18.58333333333333,18.95,
198,2024-10-19 11:00:00,Asia/Bangkok,,16.66101694915254,14.3728813559322,14.59322033898305,
199,2024-10-19 12:00:00,Asia/Bangkok,,23.28333333333333,20.95,21.36666666666667,
200,2024-10-19 13:00:00,Asia/Bangkok,,10.55,9.583333333333334,9.583333333333334,
201,2024-10-19 14:00:00,Asia/Bangkok,,13.15,11.63333333333333,12.11666666666667,
202,2024-10-19 15:00:00,Asia/Bangkok,,21.1,17.88333333333333,20.18333333333333,
203,2024-10-19 16:00:00,Asia/Bangkok,,19.7,16.38333333333333,18.45,
204,2024-10-19 17:00:00,Asia/Bangkok,,8.816666666666666,7.833333333333333,7.833333333333333,
205,2024-10-19 18:00:00,Asia/Bangkok,,7.533333333333333,6.75,6.75,
206,2024-10-19 19:00:00,Asia/Bangkok,,9.25,8.366666666666667,8.366666666666667,
207,2024-10-19 20:00:00,Asia/Bangkok,,14.56666666666667,13.01666666666667,13.01666666666667,
208,2024-10-19 21:00:00,Asia/Bangkok,,14.0,12.65,12.65,
209,2024-10-19 22:00:00,Asia/Bangkok,,2.844827586206896,2.5,2.5,
210,2024-10-19 23:00:00,Asia/Bangkok,,4.733333333333333,4.166666666666667,4.166666666666667,
211,2024-10-20 00:00:00,Asia/Bangkok,,5.2,4.65,4.65,
212,2024-10-20 01:00:00,Asia/Bangkok,,4.666666666666667,4.1,4.1,
213,2024-10-20 02:00:00,Asia/Bangkok,,4.6,4.45,4.45,
214,2024-10-20 03:00:00,Asia/Bangkok,,6.783333333333333,5.866666666666666,5.866666666666666,
215,2024-10-20 04:00:00,Asia/Bangkok,,7.366666666666666,6.283333333333333,6.283333333333333,
216,2024-10-20 05:00:00,Asia/Bangkok,,8.05,7.233333333333333,7.233333333333333,
217,2024-10-20 06:00:00,Asia/Bangkok,,7.8,7.216666666666667,7.216666666666667,
218,2024-10-20 07:00:00,Asia/Bangkok,,9.083333333333334,8.066666666666666,8.066666666666666,
219,2024-10-20 08:00:00,Asia/Bangkok,,16.73333333333333,14.45,14.45,
220,2024-10-20 09:00:00,Asia/Bangkok,,13.05172413793103,11.74137931034483,11.74137931034483,
221,2024-10-20 10:00:00,Asia/Bangkok,,8.23728813559322,7.186440677966102,7.186440677966102,
222,2024-10-20 11:00:00,Asia/Bangkok,,3.816666666666667,3.55,3.55,
223,2024-10-20 12:00:00,Asia/Bangkok,,3.7,3.333333333333333,3.333333333333333,
224,2024-10-20 13:00:00,Asia/Bangkok,,3.066666666666667,2.666666666666667,2.666666666666667,
225,2024-10-20 14:00:00,Asia/Bangkok,,2.666666666666667,2.333333333333333,2.333333333333333,
226,2024-10-20 15:00:00,Asia/Bangkok,,2.95,2.583333333333333,2.583333333333333,
227,2024-10-20 16:00:00,Asia/Bangkok,,2.932203389830509,2.576271186440678,2.576271186440678,
228,2024-10-20 17:00:00,Asia/Bangkok,,3.423728813559322,3.033898305084746,3.033898305084746,
229,2024-10-20 18:00:00,Asia/Bangkok,,14.11666666666667,12.2,12.48333333333333,
230,2024-10-20 19:00:00,Asia/Bangkok,,35.93333333333333,30.75,32.58333333333334,
231,2024-10-20 20:00:00,Asia/Bangkok,,25.78333333333333,22.61666666666667,22.63333333333333,
232,2024-10-20 21:00:00,Asia/Bangkok,,20.81666666666667,19.15,19.15,
233,2024-10-20 22:00:00,Asia/Bangkok,,18.9,16.45,16.45,
234,2024-10-20 23:00:00,Asia/Bangkok,,18.6,16.36666666666667,16.36666666666667,
235,2024-10-21 00:00:00,Asia/Bangkok,,16.93333333333333,15.48333333333333,15.48333333333333,
236,2024-10-21 01:00:00,Asia/Bangkok,,7.133333333333334,6.466666666666667,6.466666666666667,
237,2024-10-21 02:00:00,Asia/Bangkok,,11.68333333333333,10.41666666666667,10.41666666666667,
238,2024-10-21 03:00:00,Asia/Bangkok,,23.08333333333333,21.15,21.15,
239,2024-10-21 04:00:00,Asia/Bangkok,,21.11864406779661,18.22033898305085,18.22033898305085,
240,2024-10-21 05:00:00,Asia/Bangkok,,21.56666666666667,19.03333333333333,19.03333333333333,
241,2024-10-21 06:00:00,Asia/Bangkok,,19.11666666666667,17.36666666666667,17.36666666666667,
242,2024-10-21 07:00:00,Asia/Bangkok,,20.5,18.31666666666667,18.31666666666667,
243,2024-10-21 08:00:00,Asia/Bangkok,,17.81666666666667,16.76666666666667,16.76666666666667,
244,2024-10-21 09:00:00,Asia/Bangkok,,8.298245614035087,7.350877192982456,7.350877192982456,
245,2024-10-21 10:00:00,Asia/Bangkok,,6.433333333333334,5.616666666666666,5.616666666666666,
246,2024-10-21 11:00:00,Asia/Bangkok,,6.716666666666667,5.85,5.85,
247,2024-10-21 12:00:00,Asia/Bangkok,,5.083333333333333,4.616666666666666,4.616666666666666,
248,2024-10-21 13:00:00,Asia/Bangkok,,5.9,5.133333333333334,5.133333333333334,
249,2024-10-21 14:00:00,Asia/Bangkok,,5.066666666666666,4.75,4.75,
250,2024-10-21 15:00:00,Asia/Bangkok,,4.383333333333334,4.016666666666667,4.016666666666667,
251,2024-10-21 16:00:00,Asia/Bangkok,,10.03333333333333,8.433333333333334,9.083333333333334,
252,2024-10-21 17:00:00,Asia/Bangkok,,5.483333333333333,4.85,4.85,
253,2024-10-21 18:00:00,Asia/Bangkok,,6.983333333333333,6.25,6.25,
254,2024-10-21 19:00:00,Asia/Bangkok,,28.61666666666667,24.11666666666667,26.13333333333333,
255,2024-10-21 20:00:00,Asia/Bangkok,,43.83333333333334,35.6,40.28333333333333,
256,2024-10-21 21:00:00,Asia/Bangkok,,40.8,33.5,36.91666666666666,
257,2024-10-21 22:00:00,Asia/Bangkok,,42.98333333333333,34.75,38.35,
258,2024-10-21 23:00:00,Asia/Bangkok,,30.58333333333333,25.9,27.38333333333333,
259,2024-10-22 00:00:00,Asia/Bangkok,,14.91666666666667,13.03333333333333,13.03333333333333,
260,2024-10-22 01:00:00,Asia/Bangkok,,11.38333333333333,10.1,10.1,
261,2024-10-22 02:00:00,Asia/Bangkok,,10.7,9.4,9.4,
262,2024-10-22 03:00:00,Asia/Bangkok,,14.15,13.0,13.0,
263,2024-10-22 04:00:00,Asia/Bangkok,,13.6,12.56666666666667,12.56666666666667,
264,2024-10-22 05:00:00,Asia/Bangkok,,14.8,13.35,13.35,
265,2024-10-22 06:00:00,Asia/Bangkok,,17.38333333333333,15.7,15.7,
266,2024-10-22 07:00:00,Asia/Bangkok,,21.0,18.48333333333333,18.5,
267,2024-10-22 08:00:00,Asia/Bangkok,,21.71666666666667,19.33333333333333,19.83333333333333,
268,2024-10-22 09:00:00,Asia/Bangkok,,12.01754385964912,11.08771929824561,11.08771929824561,
269,2024-10-22 10:00:00,Asia/Bangkok,,12.08333333333333,11.1,11.1,
270,2024-10-22 11:00:00,Asia/Bangkok,,7.95,7.05,7.05,
271,2024-10-22 12:00:00,Asia/Bangkok,,4.15,3.95,3.95,
272,2024-10-22 13:00:00,Asia/Bangkok,,4.152542372881356,3.796610169491526,3.796610169491526,
273,2024-10-22 14:00:00,Asia/Bangkok,,4.666666666666667,4.133333333333334,4.133333333333334,
274,2024-10-22 15:00:00,Asia/Bangkok,,3.683333333333333,3.2,3.2,
275,2024-10-22 16:00:00,Asia/Bangkok,,5.9,5.166666666666667,5.166666666666667,
276,2024-10-22 17:00:00,Asia/Bangkok,,3.616666666666667,3.133333333333333,3.133333333333333,
277,2024-10-22 18:00:00,Asia/Bangkok,,15.88135593220339,13.66101694915254,14.03389830508475,
278,2024-10-22 19:00:00,Asia/Bangkok,,48.36666666666667,40.21666666666667,52.88333333333333,
279,2024-10-22 20:00:00,Asia/Bangkok,,17.26666666666667,15.25,15.25,
280,2024-10-22 21:00:00,Asia/Bangkok,,25.93333333333333,22.66666666666667,23.3,
281,2024-10-22 22:00:00,Asia/Bangkok,,41.05,33.76666666666667,37.06666666666667,
282,2024-10-22 23:00:00,Asia/Bangkok,,35.1,29.93333333333333,31.61666666666667,
283,2024-10-23 00:00:00,Asia/Bangkok,,22.68333333333333,20.18333333333333,20.18333333333333,
284,2024-10-23 01:00:00,Asia/Bangkok,,17.65,15.7,15.7,
285,2024-10-23 02:00:00,Asia/Bangkok,,16.83333333333333,14.81666666666667,14.81666666666667,
286,2024-10-23 03:00:00,Asia/Bangkok,,31.025,26.6,26.925,
287,2024-10-23 04:00:00,Asia/Bangkok,,26.1,22.8,22.8,
288,2024-10-23 05:00:00,Asia/Bangkok,,23.46666666666667,21.21666666666667,21.26666666666667,
289,2024-10-23 06:00:00,Asia/Bangkok,,24.3,22.2,22.21666666666667,
290,2024-10-23 07:00:00,Asia/Bangkok,,38.86666666666667,31.88333333333333,37.96666666666667,
291,2024-10-23 08:00:00,Asia/Bangkok,,26.76666666666667,23.85,23.95,
292,2024-10-23 09:00:00,Asia/Bangkok,,16.7,15.28333333333333,15.3,
293,2024-10-23 10:00:00,Asia/Bangkok,,8.533333333333333,7.95,7.95,
294,2024-10-23 11:00:00,Asia/Bangkok,,6.016666666666667,5.183333333333334,5.183333333333334,
295,2024-10-23 12:00:00,Asia/Bangkok,,5.666666666666667,5.116666666666666,5.116666666666666,
296,2024-10-23 13:00:00,Asia/Bangkok,,3.45,3.066666666666667,3.066666666666667,
297,2024-10-23 14:00:00,Asia/Bangkok,,2.474576271186441,2.35593220338983,2.35593220338983,
298,2024-10-23 15:00:00,Asia/Bangkok,,2.55,2.266666666666667,2.266666666666667,
299,2024-10-23 16:00:00,Asia/Bangkok,,7.0,6.2,6.216666666666667,
300,2024-10-23 17:00:00,Asia/Bangkok,,8.033333333333333,7.25,7.566666666666666,
301,2024-10-23 18:00:00,Asia/Bangkok,,35.28333333333333,28.73333333333333,38.41666666666666,
302,2024-10-23 19:00:00,Asia/Bangkok,,37.28333333333333,30.05,33.78333333333333,
303,2024-10-23 20:00:00,Asia/Bangkok,,36.61016949152543,31.22033898305085,33.6271186440678,
304,2024-10-23 21:00:00,Asia/Bangkok,,17.53333333333333,15.55,15.55,
305,2024-10-23 22:00:00,Asia/Bangkok,,19.86666666666667,17.53333333333333,17.53333333333333,
306,2024-10-23 23:00:00,Asia/Bangkok,,16.68333333333333,14.8,14.8,
307,2024-10-24 00:00:00,Asia/Bangkok,,9.383333333333333,8.466666666666667,8.466666666666667,
308,2024-10-24 01:00:00,Asia/Bangkok,,9.166666666666666,8.3,8.3,
309,2024-10-24 02:00:00,Asia/Bangkok,,11.23333333333333,9.85,9.85,
310,2024-10-24 03:00:00,Asia/Bangkok,,14.21666666666667,12.61666666666667,12.61666666666667,
311,2024-10-24 04:00:00,Asia/Bangkok,,20.30508474576271,18.45762711864407,18.45762711864407,
312,2024-10-24 05:00:00,Asia/Bangkok,,18.72881355932203,16.40677966101695,16.40677966101695,
313,2024-10-24 06:00:00,Asia/Bangkok,,19.6,17.31666666666667,17.31666666666667,
314,2024-10-24 07:00:00,Asia/Bangkok,,17.6,15.76666666666667,15.76666666666667,
315,2024-10-24 08:00:00,Asia/Bangkok,,19.16666666666667,16.65,16.65,
316,2024-10-24 09:00:00,Asia/Bangkok,,13.71666666666667,12.01666666666667,12.01666666666667,
317,2024-10-24 10:00:00,Asia/Bangkok,,6.533333333333333,6.15,6.15,
318,2024-10-24 11:00:00,Asia/Bangkok,,5.666666666666667,5.05,5.05,
319,2024-10-24 12:00:00,Asia/Bangkok,,5.633333333333334,5.066666666666666,5.066666666666666,
320,2024-10-24 13:00:00,Asia/Bangkok,,6.898305084745763,5.966101694915254,5.966101694915254,
321,2024-10-24 14:00:00,Asia/Bangkok,,6.283333333333333,5.666666666666667,5.666666666666667,
322,2024-10-24 15:00:00,Asia/Bangkok,,4.649122807017544,4.052631578947368,4.052631578947368,
323,2024-10-24 16:00:00,Asia/Bangkok,,3.116666666666667,2.8,2.8,
324,2024-10-24 17:00:00,Asia/Bangkok,,3.258620689655173,3.051724137931035,3.051724137931035,
325,2024-10-24 18:00:00,Asia/Bangkok,,28.55,24.35,31.75,
326,2024-10-24 19:00:00,Asia/Bangkok,,23.6,20.58333333333333,20.63333333333333,
327,2024-10-24 20:00:00,Asia/Bangkok,,18.81666666666667,16.81666666666667,16.81666666666667,
328,2024-10-24 21:00:00,Asia/Bangkok,,17.78333333333333,16.2,16.2,
329,2024-10-24 22:00:00,Asia/Bangkok,,13.6,12.08333333333333,12.08333333333333,
330,2024-10-24 23:00:00,Asia/Bangkok,,19.96666666666667,17.68333333333333,17.75,
331,2024-10-25 00:00:00,Asia/Bangkok,,20.3,18.31666666666667,18.31666666666667,
332,2024-10-25 01:00:00,Asia/Bangkok,,18.71666666666667,16.65,16.75,
333,2024-10-25 02:00:00,Asia/Bangkok,,20.23333333333333,18.26666666666667,18.31666666666667,
334,2024-10-25 03:00:00,Asia/Bangkok,,14.01666666666667,12.05,12.05,
335,2024-10-25 04:00:00,Asia/Bangkok,,15.6,14.26666666666667,14.26666666666667,
336,2024-10-25 05:00:00,Asia/Bangkok,,12.76666666666667,11.51666666666667,11.51666666666667,
337,2024-10-25 06:00:00,Asia/Bangkok,,10.61538461538461,9.98076923076923,9.98076923076923,
338,2024-10-25 16:00:00,Asia/Bangkok,,4.2,3.633333333333333,3.633333333333333,
339,2024-10-25 17:00:00,Asia/Bangkok,,5.15,4.666666666666667,4.666666666666667,
340,2024-10-25 18:00:00,Asia/Bangkok,,12.5,11.39655172413793,11.48275862068965,
341,2024-10-25 19:00:00,Asia/Bangkok,,28.85,25.31666666666667,25.81666666666667,
342,2024-10-25 20:00:00,Asia/Bangkok,,50.75,40.48333333333333,49.21666666666667,
343,2024-10-25 21:00:00,Asia/Bangkok,,24.4,20.41666666666667,22.58333333333333,
344,2024-10-25 22:00:00,Asia/Bangkok,,13.71666666666667,11.9,11.9,
345,2024-10-25 23:00:00,Asia/Bangkok,,21.93333333333333,19.48333333333333,19.51666666666667,
346,2024-10-26 00:00:00,Asia/Bangkok,,17.0,15.1,15.1,
347,2024-10-26 01:00:00,Asia/Bangkok,,17.18333333333333,15.06666666666667,15.06666666666667,
348,2024-10-26 02:00:00,Asia/Bangkok,,19.3,17.33333333333333,17.33333333333333,
349,2024-10-26 03:00:00,Asia/Bangkok,,22.63333333333333,20.58333333333333,20.58333333333333,
350,2024-10-26 04:00:00,Asia/Bangkok,,23.81666666666667,21.43333333333333,21.45,
351,2024-10-26 05:00:00,Asia/Bangkok,,23.71666666666667,21.5,21.58333333333333,
352,2024-10-26 06:00:00,Asia/Bangkok,,22.25,20.26666666666667,20.26666666666667,
353,2024-10-26 07:00:00,Asia/Bangkok,,28.16666666666667,23.38333333333333,25.65,
354,2024-10-26 08:00:00,Asia/Bangkok,,31.93333333333333,26.01666666666667,30.11666666666667,
355,2024-10-26 09:00:00,Asia/Bangkok,,21.08333333333333,18.58333333333333,19.0,
356,2024-10-26 10:00:00,Asia/Bangkok,,6.65,6.05,6.05,
357,2024-10-26 11:00:00,Asia/Bangkok,,7.083333333333333,6.283333333333333,6.283333333333333,
358,2024-10-26 12:00:00,Asia/Bangkok,,7.11864406779661,6.35593220338983,6.35593220338983,
359,2024-10-26 13:00:00,Asia/Bangkok,,5.830508474576271,5.135593220338983,5.135593220338983,
360,2024-10-26 14:00:00,Asia/Bangkok,,7.457627118644067,6.949152542372881,6.949152542372881,
361,2024-10-28 13:00:00,Asia/Bangkok,,1.0,1.0,1.0,
362,2024-10-28 14:00:00,Asia/Bangkok,,1.824561403508772,1.701754385964912,1.701754385964912,
363,2024-10-28 15:00:00,Asia/Bangkok,,3.4,3.083333333333333,3.083333333333333,
364,2024-10-28 16:00:00,Asia/Bangkok,,4.333333333333333,3.85,3.85,
365,2024-10-28 17:00:00,Asia/Bangkok,,5.85,5.116666666666666,5.116666666666666,
366,2024-10-28 18:00:00,Asia/Bangkok,,7.95,7.166666666666667,7.166666666666667,
367,2024-10-28 19:00:00,Asia/Bangkok,,17.68333333333333,15.93333333333333,15.93333333333333,
368,2024-10-28 20:00:00,Asia/Bangkok,,27.18333333333333,23.7,24.01666666666667,
369,2024-10-28 21:00:00,Asia/Bangkok,,35.5,29.56666666666667,31.21666666666667,
370,2024-10-28 22:00:00,Asia/Bangkok,,27.96666666666667,24.46666666666667,24.61666666666667,
371,2024-10-28 23:00:00,Asia/Bangkok,,31.21739130434782,27.17391304347826,29.47826086956522,
372,2024-10-29 00:00:00,Asia/Bangkok,,46.11538461538461,37.15384615384615,42.46153846153846,
373,2024-10-29 01:00:00,Asia/Bangkok,,33.41666666666666,28.8,29.7,
374,2024-10-29 02:00:00,Asia/Bangkok,,19.9,17.86666666666667,17.86666666666667,
375,2024-10-29 03:00:00,Asia/Bangkok,,13.91666666666667,12.68333333333333,12.68333333333333,
376,2024-10-29 04:00:00,Asia/Bangkok,,12.6,10.83333333333333,10.83333333333333,
377,2024-10-29 05:00:00,Asia/Bangkok,,16.95,14.66666666666667,14.7,
378,2024-10-29 06:00:00,Asia/Bangkok,,67.53333333333333,56.26666666666667,77.66666666666667,
379,2024-10-29 07:00:00,Asia/Bangkok,,70.31666666666666,55.45,76.03333333333333,
380,2024-10-29 08:00:00,Asia/Bangkok,,50.2,41.71666666666667,52.38333333333333,
381,2024-10-29 09:00:00,Asia/Bangkok,,15.66666666666667,13.83333333333333,13.91666666666667,
382,2024-10-29 10:00:00,Asia/Bangkok,,6.65,6.083333333333333,6.083333333333333,
383,2024-10-29 11:00:00,Asia/Bangkok,,7.416666666666667,6.7,6.7,
384,2024-10-29 12:00:00,Asia/Bangkok,,10.93220338983051,9.542372881355933,9.542372881355933,
385,2024-10-29 13:00:00,Asia/Bangkok,,11.41666666666667,10.26666666666667,10.26666666666667,
386,2024-10-29 14:00:00,Asia/Bangkok,,10.63157894736842,9.807017543859649,9.807017543859649,
387,2024-11-12 15:00:00,Asia/Bangkok,,2.071428571428572,1.785714285714286,1.785714285714286,
388,2024-11-12 16:00:00,Asia/Bangkok,,1.5,1.5,1.5,
389,2024-11-12 17:00:00,Asia/Bangkok,,20.5625,18.0,18.96875,
390,2024-11-12 18:00:00,Asia/Bangkok,,16.73333333333333,14.83333333333333,14.88333333333333,
391,2024-11-12 19:00:00,Asia/Bangkok,,11.48333333333333,10.13333333333333,10.13333333333333,
392,2024-11-12 20:00:00,Asia/Bangkok,,12.9,11.45,11.45,
393,2024-11-12 21:00:00,Asia/Bangkok,,12.76666666666667,11.48333333333333,11.48333333333333,
394,2024-11-12 22:00:00,Asia/Bangkok,,16.58333333333333,14.81666666666667,14.81666666666667,
395,2024-11-12 23:00:00,Asia/Bangkok,,15.03333333333333,13.46666666666667,13.46666666666667,
396,2024-11-13 00:00:00,Asia/Bangkok,,14.31666666666667,12.31666666666667,12.31666666666667,
397,2024-11-13 01:00:00,Asia/Bangkok,,21.26666666666667,18.23333333333333,18.23333333333333,
398,2024-11-13 02:00:00,Asia/Bangkok,,20.85,17.91666666666667,17.91666666666667,
399,2024-11-13 03:00:00,Asia/Bangkok,,15.98305084745763,14.6271186440678,14.6271186440678,
400,2024-11-13 04:00:00,Asia/Bangkok,,11.71186440677966,10.83050847457627,10.83050847457627,
401,2024-11-13 05:00:00,Asia/Bangkok,,11.83333333333333,10.58333333333333,10.58333333333333,
402,2024-11-13 06:00:00,Asia/Bangkok,,11.7,10.91666666666667,10.91666666666667,
403,2024-11-13 07:00:00,Asia/Bangkok,,10.47457627118644,9.186440677966102,9.186440677966102,
404,2024-11-13 08:00:00,Asia/Bangkok,,2.206896551724138,1.896551724137931,1.896551724137931,
405,2024-11-13 09:00:00,Asia/Bangkok,,1.516666666666667,1.3,1.3,
406,2024-11-13 10:00:00,Asia/Bangkok,,1.283018867924528,1.113207547169811,1.113207547169811,
407,2024-11-13 11:00:00,Asia/Bangkok,,1.43859649122807,1.157894736842105,1.157894736842105,
408,2024-11-13 12:00:00,Asia/Bangkok,,1.363636363636364,1.181818181818182,1.181818181818182,
409,2024-11-13 13:00:00,Asia/Bangkok,,2.316666666666667,2.066666666666667,2.066666666666667,
410,2024-11-13 14:00:00,Asia/Bangkok,,3.016949152542373,2.661016949152542,2.661016949152542,
411,2024-11-13 15:00:00,Asia/Bangkok,,2.5,2.2,2.2,
412,2024-11-13 16:00:00,Asia/Bangkok,,2.783333333333333,2.466666666666667,2.466666666666667,
413,2024-11-13 17:00:00,Asia/Bangkok,,3.283333333333333,2.983333333333333,2.983333333333333,
414,2024-11-13 18:00:00,Asia/Bangkok,,14.43333333333333,12.95,12.95,
415,2024-11-13 19:00:00,Asia/Bangkok,,17.55,15.76666666666667,15.76666666666667,
416,2024-11-13 20:00:00,Asia/Bangkok,,14.56666666666667,12.65,12.65,
417,2024-11-13 21:00:00,Asia/Bangkok,,12.94827586206897,11.63793103448276,11.63793103448276,
418,2024-11-13 22:00:00,Asia/Bangkok,,13.45,12.23333333333333,12.23333333333333,
419,2024-11-13 23:00:00,Asia/Bangkok,,17.9,15.9,15.9,
420,2024-11-14 00:00:00,Asia/Bangkok,,19.66666666666667,17.88333333333333,17.88333333333333,
421,2024-11-14 01:00:00,Asia/Bangkok,,20.05,17.18333333333333,17.18333333333333,
422,2024-11-14 02:00:00,Asia/Bangkok,,15.65,13.9,13.9,
423,2024-11-14 03:00:00,Asia/Bangkok,,16.45,14.5,14.5,
424,2024-11-14 04:00:00,Asia/Bangkok,,24.36666666666667,20.85,20.85,
425,2024-11-14 05:00:00,Asia/Bangkok,,24.76666666666667,21.5,21.51666666666667,
426,2024-11-14 06:00:00,Asia/Bangkok,,26.03333333333333,22.76666666666667,22.8,
427,2024-11-14 07:00:00,Asia/Bangkok,,26.39130434782609,25.1304347826087,25.30434782608696,
428,2024-11-20 16:00:00,Asia/Bangkok,,5.113636363636363,4.227272727272728,4.227272727272728,
429,2024-11-20 17:00:00,Asia/Bangkok,,16.5,13.81666666666667,15.63333333333333,
430,2024-11-20 18:00:00,Asia/Bangkok,,15.74576271186441,13.64406779661017,14.1864406779661,
431,2024-11-20 19:00:00,Asia/Bangkok,,5.15,4.683333333333334,4.683333333333334,
432,2024-11-20 20:00:00,Asia/Bangkok,,4.7,4.333333333333333,4.333333333333333,
433,2024-11-20 21:00:00,Asia/Bangkok,,4.716666666666667,4.316666666666666,4.316666666666666,
434,2024-11-20 22:00:00,Asia/Bangkok,,8.35,7.35,7.35,
435,2024-11-20 23:00:00,Asia/Bangkok,,12.86666666666667,11.5,11.5,
436,2024-11-21 00:00:00,Asia/Bangkok,,9.966666666666667,9.033333333333333,9.033333333333333,
437,2024-11-21 01:00:00,Asia/Bangkok,,13.28333333333333,11.91666666666667,11.91666666666667,
438,2024-11-21 02:00:00,Asia/Bangkok,,8.65,7.4,7.4,
439,2024-11-21 03:00:00,Asia/Bangkok,,9.316666666666666,8.066666666666666,8.066666666666666,
440,2024-11-21 04:00:00,Asia/Bangkok,,6.45,5.816666666666666,5.816666666666666,
441,2024-11-21 05:00:00,Asia/Bangkok,,6.916666666666667,6.033333333333333,6.033333333333333,
442,2024-11-21 06:00:00,Asia/Bangkok,,5.883333333333334,5.183333333333334,5.183333333333334,
443,2024-11-21 07:00:00,Asia/Bangkok,,5.366666666666666,5.016666666666667,5.016666666666667,
444,2024-11-21 08:00:00,Asia/Bangkok,,7.466666666666667,6.633333333333334,6.633333333333334,
445,2024-11-21 09:00:00,Asia/Bangkok,,7.683333333333334,6.666666666666667,6.666666666666667,
446,2024-11-21 10:00:00,Asia/Bangkok,,5.6,5.033333333333333,5.033333333333333,
447,2024-11-21 11:00:00,Asia/Bangkok,,3.11864406779661,2.830508474576271,2.830508474576271,
448,2024-11-21 12:00:00,Asia/Bangkok,,5.65,4.783333333333333,4.783333333333333,
449,2024-11-21 13:00:00,Asia/Bangkok,,1.75,1.5,1.5,
450,2024-11-21 14:00:00,Asia/Bangkok,,4.35593220338983,3.847457627118644,3.949152542372881,
451,2024-11-21 15:00:00,Asia/Bangkok,,2.620689655172414,2.362068965517242,2.362068965517242,
452,2024-11-21 16:00:00,Asia/Bangkok,,1.450980392156863,1.254901960784314,1.254901960784314,
453,2024-11-21 17:00:00,Asia/Bangkok,,2.678571428571428,2.392857142857143,2.392857142857143,
454,2024-11-21 18:00:00,Asia/Bangkok,,6.583333333333333,5.816666666666666,5.816666666666666,
455,2024-11-21 19:00:00,Asia/Bangkok,,8.491525423728813,7.440677966101695,7.440677966101695,
456,2024-11-21 20:00:00,Asia/Bangkok,,4.9,4.15,4.15,
457,2024-11-21 21:00:00,Asia/Bangkok,,5.566666666666666,5.1,5.1,
458,2024-11-21 22:00:00,Asia/Bangkok,,6.05,5.25,5.25,
459,2024-11-21 23:00:00,Asia/Bangkok,,9.85,8.75,8.75,
460,2024-11-22 00:00:00,Asia/Bangkok,,8.35,7.633333333333334,7.633333333333334,
461,2024-11-22 01:00:00,Asia/Bangkok,,8.416666666666666,7.566666666666666,7.566666666666666,
462,2024-11-22 02:00:00,Asia/Bangkok,,5.166666666666667,4.183333333333334,4.183333333333334,
463,2024-11-22 03:00:00,Asia/Bangkok,,4.288135593220339,3.796610169491526,3.796610169491526,
464,2024-11-22 04:00:00,Asia/Bangkok,,5.733333333333333,5.033333333333333,5.033333333333333,
465,2024-11-22 05:00:00,Asia/Bangkok,,4.46551724137931,3.827586206896552,3.827586206896552,
466,2024-11-22 06:00:00,Asia/Bangkok,,1.261904761904762,1.19047619047619,1.19047619047619,
467,2024-11-22 07:00:00,Asia/Bangkok,,2.362068965517242,2.086206896551724,2.086206896551724,
468,2024-11-22 08:00:00,Asia/Bangkok,,3.85,3.4,3.4,
469,2024-11-22 09:00:00,Asia/Bangkok,,4.101694915254237,3.627118644067797,3.627118644067797,
470,2024-11-22 10:00:00,Asia/Bangkok,,3.816666666666667,3.45,3.45,
471,2024-11-22 11:00:00,Asia/Bangkok,,8.833333333333334,7.85,7.85,
472,2024-11-22 12:00:00,Asia/Bangkok,,5.9,5.133333333333334,5.133333333333334,
473,2024-11-22 13:00:00,Asia/Bangkok,,3.491525423728814,3.169491525423729,3.169491525423729,
474,2024-11-22 14:00:00,Asia/Bangkok,,3.533333333333333,3.283333333333333,3.283333333333333,
475,2024-11-22 15:00:00,Asia/Bangkok,,3.666666666666667,3.333333333333333,3.333333333333333,
476,2024-11-22 16:00:00,Asia/Bangkok,,4.087719298245614,3.421052631578947,3.421052631578947,
477,2024-11-22 17:00:00,Asia/Bangkok,,6.166666666666667,5.633333333333334,5.633333333333334,
478,2024-11-22 18:00:00,Asia/Bangkok,,4.551724137931035,3.793103448275862,3.793103448275862,
479,2024-11-22 19:00:00,Asia/Bangkok,,8.266666666666667,7.583333333333333,7.583333333333333,
480,2024-11-22 20:00:00,Asia/Bangkok,,5.683333333333334,4.766666666666667,4.766666666666667,
481,2024-11-22 21:00:00,Asia/Bangkok,,9.533333333333333,8.4,8.4,
482,2024-11-22 22:00:00,Asia/Bangkok,,8.266666666666667,7.266666666666667,7.266666666666667,
483,2024-11-22 23:00:00,Asia/Bangkok,,10.26666666666667,9.166666666666666,9.166666666666666,
484,2024-11-23 00:00:00,Asia/Bangkok,,7.05,6.116666666666666,6.116666666666666,
485,2024-11-23 01:00:00,Asia/Bangkok,,4.0,3.7,3.7,
486,2024-11-23 02:00:00,Asia/Bangkok,,6.266666666666667,5.666666666666667,5.666666666666667,
487,2024-11-23 03:00:00,Asia/Bangkok,,7.8,6.766666666666667,6.766666666666667,
488,2024-11-23 04:00:00,Asia/Bangkok,,8.9,8.0,8.0,
489,2024-11-23 05:00:00,Asia/Bangkok,,9.933333333333334,9.15,9.15,
490,2024-11-23 06:00:00,Asia/Bangkok,,7.566666666666666,6.633333333333334,6.633333333333334,
491,2024-11-23 07:00:00,Asia/Bangkok,,6.0,5.3,5.3,
492,2024-11-23 08:00:00,Asia/Bangkok,,6.7,6.05,6.05,
493,2024-11-23 09:00:00,Asia/Bangkok,,6.216666666666667,5.5,5.5,
494,2024-11-23 10:00:00,Asia/Bangkok,,5.64406779661017,4.966101694915254,4.966101694915254,
495,2024-11-23 11:00:00,Asia/Bangkok,,7.333333333333333,6.533333333333333,6.533333333333333,
496,2024-11-23 12:00:00,Asia/Bangkok,,17.33333333333333,15.08333333333333,16.78333333333333,
497,2024-11-23 13:00:00,Asia/Bangkok,,14.25,12.96666666666667,12.96666666666667,
498,2024-11-23 14:00:00,Asia/Bangkok,,13.61666666666667,12.48333333333333,12.48333333333333,
499,2024-11-23 15:00:00,Asia/Bangkok,,9.083333333333334,7.933333333333334,7.933333333333334,
500,2024-11-23 16:00:00,Asia/Bangkok,,8.46551724137931,7.448275862068965,7.448275862068965,
501,2024-11-23 17:00:00,Asia/Bangkok,,9.05,8.116666666666667,8.116666666666667,
502,2024-11-23 18:00:00,Asia/Bangkok,,9.233333333333333,8.266666666666667,8.266666666666667,
503,2024-11-23 19:00:00,Asia/Bangkok,,12.1,10.38333333333333,10.38333333333333,
504,2024-11-23 20:00:00,Asia/Bangkok,,8.283333333333333,7.266666666666667,7.266666666666667,
505,2024-11-23 21:00:00,Asia/Bangkok,,4.833333333333333,4.416666666666667,4.416666666666667,
506,2024-11-23 22:00:00,Asia/Bangkok,,3.9,3.45,3.45,
507,2024-11-23 23:00:00,Asia/Bangkok,,5.483333333333333,4.966666666666667,4.966666666666667,
508,2024-11-24 00:00:00,Asia/Bangkok,,4.25,3.75,3.75,
509,2024-11-24 01:00:00,Asia/Bangkok,,4.516666666666667,3.916666666666667,3.916666666666667,
510,2024-11-24 02:00:00,Asia/Bangkok,,8.813559322033898,7.237288135593221,7.237288135593221,
511,2024-11-24 03:00:00,Asia/Bangkok,,2.083333333333333,1.633333333333333,1.633333333333333,
512,2024-11-24 04:00:00,Asia/Bangkok,,1.827586206896552,1.603448275862069,1.603448275862069,
513,2024-11-24 05:00:00,Asia/Bangkok,,2.11864406779661,1.694915254237288,1.694915254237288,
514,2024-11-24 06:00:00,Asia/Bangkok,,2.701754385964912,2.192982456140351,2.192982456140351,
515,2024-11-24 07:00:00,Asia/Bangkok,,4.383333333333334,3.866666666666667,3.866666666666667,
516,2024-11-24 08:00:00,Asia/Bangkok,,8.283333333333333,7.3,7.3,
517,2024-11-24 09:00:00,Asia/Bangkok,,6.383333333333334,5.433333333333334,5.433333333333334,
518,2024-11-24 10:00:00,Asia/Bangkok,,8.610169491525424,7.372881355932203,7.372881355932203,
519,2024-11-24 11:00:00,Asia/Bangkok,,10.96666666666667,10.03333333333333,10.03333333333333,
520,2024-11-24 12:00:00,Asia/Bangkok,,14.31666666666667,12.76666666666667,12.76666666666667,
521,2024-11-24 13:00:00,Asia/Bangkok,,20.21666666666667,17.95,17.95,
522,2024-11-24 14:00:00,Asia/Bangkok,,25.05,22.75,22.76666666666667,
523,2024-11-24 15:00:00,Asia/Bangkok,,3.983333333333333,3.6,3.6,
524,2024-11-24 16:00:00,Asia/Bangkok,,3.206896551724138,2.913793103448276,2.913793103448276,
525,2024-11-24 17:00:00,Asia/Bangkok,,5.016666666666667,4.383333333333334,4.383333333333334,
526,2024-11-24 18:00:00,Asia/Bangkok,,7.216666666666667,6.333333333333333,6.333333333333333,
527,2024-11-24 19:00:00,Asia/Bangkok,,15.41666666666667,13.18333333333333,13.18333333333333,
528,2024-11-24 20:00:00,Asia/Bangkok,,24.08333333333333,21.16666666666667,21.16666666666667,
529,2024-11-24 21:00:00,Asia/Bangkok,,25.88333333333333,22.51666666666667,22.63333333333333,
530,2024-11-24 22:00:00,Asia/Bangkok,,26.9,24.56666666666667,24.68333333333333,
531,2024-11-24 23:00:00,Asia/Bangkok,,18.83333333333333,16.91666666666667,16.91666666666667,
532,2024-11-25 00:00:00,Asia/Bangkok,,16.5,14.81666666666667,14.81666666666667,
533,2024-11-25 01:00:00,Asia/Bangkok,,9.525423728813559,8.627118644067796,8.627118644067796,
534,2024-11-25 02:00:00,Asia/Bangkok,,7.783333333333333,7.066666666666666,7.066666666666666,
535,2024-11-25 03:00:00,Asia/Bangkok,,6.516666666666667,5.616666666666666,5.616666666666666,
536,2024-11-25 04:00:00,Asia/Bangkok,,4.066666666666666,3.233333333333333,3.233333333333333,
537,2024-11-25 05:00:00,Asia/Bangkok,,1.642857142857143,1.303571428571429,1.303571428571429,
538,2024-11-25 06:00:00,Asia/Bangkok,,1.543859649122807,1.12280701754386,1.12280701754386,
539,2024-11-25 07:00:00,Asia/Bangkok,,1.339285714285714,1.160714285714286,1.160714285714286,
540,2024-11-25 08:00:00,Asia/Bangkok,,2.966101694915254,2.677966101694915,2.677966101694915,
541,2024-11-25 09:00:00,Asia/Bangkok,,10.8,9.966666666666667,9.966666666666667,
542,2024-11-25 10:00:00,Asia/Bangkok,,10.8,9.3,9.3,
543,2024-11-25 11:00:00,Asia/Bangkok,,9.224137931034482,8.206896551724139,8.206896551724139,
544,2024-11-25 12:00:00,Asia/Bangkok,,10.96666666666667,9.883333333333333,9.883333333333333,
545,2024-11-25 13:00:00,Asia/Bangkok,,12.71666666666667,11.35,11.35,
546,2024-11-25 14:00:00,Asia/Bangkok,,12.93333333333333,11.4,11.4,
547,2024-11-25 15:00:00,Asia/Bangkok,,9.7,9.033333333333333,9.033333333333333,
548,2024-11-25 16:00:00,Asia/Bangkok,,9.758620689655173,8.568965517241379,8.568965517241379,
549,2024-11-25 17:00:00,Asia/Bangkok,,20.43333333333333,17.9,20.06666666666667,
550,2024-11-25 18:00:00,Asia/Bangkok,,28.28333333333333,24.46666666666667,25.41666666666667,
551,2024-11-25 19:00:00,Asia/Bangkok,,25.38333333333333,22.41666666666667,22.46666666666667,
552,2024-11-25 20:00:00,Asia/Bangkok,,20.21666666666667,17.85,17.85,
553,2024-11-25 21:00:00,Asia/Bangkok,,22.58333333333333,19.91666666666667,19.91666666666667,
554,2024-11-25 22:00:00,Asia/Bangkok,,23.36666666666667,20.93333333333333,21.0,
555,2024-11-25 23:00:00,Asia/Bangkok,,18.81666666666667,17.1,17.1,
556,2024-11-26 00:00:00,Asia/Bangkok,,13.91666666666667,12.43333333333333,12.43333333333333,
557,2024-11-26 01:00:00,Asia/Bangkok,,4.050847457627119,3.610169491525424,3.610169491525424,
558,2024-11-26 02:00:00,Asia/Bangkok,,2.016949152542373,1.728813559322034,1.728813559322034,
559,2024-11-26 03:00:00,Asia/Bangkok,,3.516666666666667,2.8,2.8,
560,2024-11-26 04:00:00,Asia/Bangkok,,7.233333333333333,6.333333333333333,6.333333333333333,
561,2024-11-26 05:00:00,Asia/Bangkok,,7.183333333333334,6.55,6.55,
562,2024-11-26 06:00:00,Asia/Bangkok,,4.816666666666666,4.05,4.05,
563,2024-11-26 07:00:00,Asia/Bangkok,,4.45,4.233333333333333,4.233333333333333,
564,2024-11-26 08:00:00,Asia/Bangkok,,5.593220338983051,4.932203389830509,4.932203389830509,
565,2024-11-26 09:00:00,Asia/Bangkok,,6.016666666666667,5.416666666666667,5.416666666666667,
566,2024-11-26 10:00:00,Asia/Bangkok,,5.8,5.283333333333333,5.283333333333333,
567,2024-11-26 11:00:00,Asia/Bangkok,,4.133333333333334,3.733333333333333,3.733333333333333,
568,2024-11-26 12:00:00,Asia/Bangkok,,3.383333333333333,2.95,2.95,
569,2024-11-26 13:00:00,Asia/Bangkok,,1.277777777777778,1.203703703703704,1.203703703703704,
570,2024-11-26 14:00:00,Asia/Bangkok,,1.081632653061225,1.0,1.0,
571,2024-11-26 15:00:00,Asia/Bangkok,,1.033333333333333,1.0,1.0,
572,2024-11-26 16:00:00,Asia/Bangkok,,1.257142857142857,1.142857142857143,1.142857142857143,
573,2024-11-26 17:00:00,Asia/Bangkok,,12.86440677966102,11.23728813559322,11.52542372881356,
574,2024-11-26 18:00:00,Asia/Bangkok,,8.616666666666667,7.266666666666667,7.266666666666667,
575,2024-11-26 19:00:00,Asia/Bangkok,,6.425531914893617,5.702127659574468,5.702127659574468,
576,2024-11-26 20:00:00,Asia/Bangkok,,1.0,1.0,1.0,
577,2024-11-26 21:00:00,Asia/Bangkok,,1.263157894736842,1.052631578947368,1.052631578947368,
578,2024-11-26 22:00:00,Asia/Bangkok,,2.886792452830189,2.584905660377359,2.584905660377359,
579,2024-11-26 23:00:00,Asia/Bangkok,,1.933333333333333,1.75,1.75,
580,2024-11-27 00:00:00,Asia/Bangkok,,3.464285714285714,2.946428571428572,2.946428571428572,
581,2024-11-27 01:00:00,Asia/Bangkok,,1.285714285714286,1.0,1.0,
582,2024-11-27 02:00:00,Asia/Bangkok,,1.945945945945946,1.621621621621622,1.621621621621622,
583,2024-11-27 03:00:00,Asia/Bangkok,,3.017543859649123,2.666666666666667,2.666666666666667,
584,2024-11-27 04:00:00,Asia/Bangkok,,1.333333333333333,1.041666666666667,1.041666666666667,
585,2024-11-27 05:00:00,Asia/Bangkok,,3.894736842105263,3.578947368421053,3.578947368421053,
586,2024-11-27 06:00:00,Asia/Bangkok,,5.216666666666667,4.45,4.45,
587,2024-11-27 07:00:00,Asia/Bangkok,,4.35593220338983,3.813559322033898,3.813559322033898,
588,2024-11-27 08:00:00,Asia/Bangkok,,3.101694915254237,2.864406779661017,2.864406779661017,
589,2024-11-27 09:00:00,Asia/Bangkok,,2.413793103448276,2.172413793103448,2.172413793103448,
590,2024-11-27 10:00:00,Asia/Bangkok,,1.559322033898305,1.372881355932203,1.372881355932203,
591,2024-11-27 11:00:00,Asia/Bangkok,,1.235294117647059,1.019607843137255,1.019607843137255,
592,2024-11-27 12:00:00,Asia/Bangkok,,1.16,1.0,1.0,
593,2024-11-27 13:00:00,Asia/Bangkok,,1.166666666666667,1.0,1.0,
594,2024-11-27 14:00:00,Asia/Bangkok,,1.0,1.0,1.0,
595,2024-11-27 15:00:00,Asia/Bangkok,,2.575757575757576,2.090909090909091,2.090909090909091,
596,2024-11-27 16:00:00,Asia/Bangkok,,4.980769230769231,4.442307692307693,4.442307692307693,
597,2024-11-27 17:00:00,Asia/Bangkok,,1.236842105263158,1.026315789473684,1.026315789473684,
598,2024-11-27 18:00:00,Asia/Bangkok,,1.477272727272727,1.295454545454545,1.295454545454545,
599,2024-11-27 19:00:00,Asia/Bangkok,,2.898305084745763,2.661016949152542,2.661016949152542,
600,2024-11-27 20:00:00,Asia/Bangkok,,4.316666666666666,3.7,3.7,
601,2024-11-27 21:00:00,Asia/Bangkok,,2.083333333333333,1.766666666666667,1.766666666666667,
602,2024-11-27 22:00:00,Asia/Bangkok,,1.416666666666667,1.3,1.3,
603,2024-11-27 23:00:00,Asia/Bangkok,,1.689655172413793,1.362068965517241,1.362068965517241,
604,2024-11-28 00:00:00,Asia/Bangkok,,1.576271186440678,1.35593220338983,1.35593220338983,
605,2024-11-28 01:00:00,Asia/Bangkok,,1.627118644067797,1.271186440677966,1.271186440677966,
606,2024-11-28 02:00:00,Asia/Bangkok,,1.716666666666667,1.5,1.5,
607,2024-11-28 03:00:00,Asia/Bangkok,,5.466666666666667,4.966666666666667,4.966666666666667,
608,2024-11-28 04:00:00,Asia/Bangkok,,4.383333333333334,3.733333333333333,3.733333333333333,
609,2024-11-28 05:00:00,Asia/Bangkok,,2.416666666666667,2.033333333333333,2.033333333333333,
610,2024-11-28 06:00:00,Asia/Bangkok,,1.758620689655172,1.396551724137931,1.396551724137931,
611,2024-11-28 07:00:00,Asia/Bangkok,,1.666666666666667,1.3,1.3,
612,2024-11-28 08:00:00,Asia/Bangkok,,3.7,2.85,2.85,
613,2024-11-28 09:00:00,Asia/Bangkok,,2.525423728813559,2.271186440677966,2.271186440677966,
614,2024-11-28 10:00:00,Asia/Bangkok,,3.916666666666667,3.6,3.6,
615,2024-11-28 11:00:00,Asia/Bangkok,,1.125,1.041666666666667,1.041666666666667,
616,2024-11-28 12:00:00,Asia/Bangkok,,1.157894736842105,1.0,1.0,
617,2024-11-28 13:00:00,Asia/Bangkok,,1.047619047619048,1.0,1.0,
618,2024-11-28 14:00:00,Asia/Bangkok,,1.285714285714286,1.0,1.0,
619,2024-11-28 15:00:00,Asia/Bangkok,,1.297297297297297,1.0,1.0,
620,2024-11-28 16:00:00,Asia/Bangkok,,1.229166666666667,1.020833333333333,1.020833333333333,
621,2024-11-28 17:00:00,Asia/Bangkok,,10.5,8.5,9.327586206896552,
622,2024-11-28 18:00:00,Asia/Bangkok,,10.8,8.983333333333333,9.583333333333334,
623,2024-11-28 19:00:00,Asia/Bangkok,,7.683333333333334,6.566666666666666,6.566666666666666,
624,2024-11-28 20:00:00,Asia/Bangkok,,6.416666666666667,5.733333333333333,5.733333333333333,
625,2024-11-28 21:00:00,Asia/Bangkok,,1.779661016949152,1.559322033898305,1.559322033898305,
626,2024-11-28 22:00:00,Asia/Bangkok,,3.316666666666667,2.816666666666667,2.816666666666667,
627,2024-11-28 23:00:00,Asia/Bangkok,,5.050847457627119,4.254237288135593,4.254237288135593,
628,2024-11-29 00:00:00,Asia/Bangkok,,1.333333333333333,1.0,1.0,
629,2024-11-29 01:00:00,Asia/Bangkok,,1.1875,1.0,1.0,
630,2024-11-29 02:00:00,Asia/Bangkok,,1.157894736842105,1.052631578947368,1.052631578947368,
631,2024-11-29 03:00:00,Asia/Bangkok,,2.271186440677966,1.966101694915254,1.966101694915254,
632,2024-11-29 04:00:00,Asia/Bangkok,,3.051724137931035,2.655172413793104,2.655172413793104,
633,2024-11-29 05:00:00,Asia/Bangkok,,5.466666666666667,4.4,4.4,
634,2024-11-29 06:00:00,Asia/Bangkok,,4.683333333333334,4.066666666666666,4.066666666666666,
635,2024-11-29 07:00:00,Asia/Bangkok,,7.711864406779661,6.711864406779661,6.711864406779661,
636,2024-11-29 08:00:00,Asia/Bangkok,,7.05,5.95,5.95,
637,2024-11-29 09:00:00,Asia/Bangkok,,5.616666666666666,5.016666666666667,5.016666666666667,
638,2024-11-29 10:00:00,Asia/Bangkok,,4.133333333333334,3.616666666666667,3.616666666666667,
639,2024-11-29 11:00:00,Asia/Bangkok,,4.237288135593221,3.491525423728814,3.491525423728814,
640,2024-11-29 12:00:00,Asia/Bangkok,,2.448275862068965,1.96551724137931,1.96551724137931,
641,2024-11-29 13:00:00,Asia/Bangkok,,1.385964912280702,1.12280701754386,1.12280701754386,
642,2024-11-29 14:00:00,Asia/Bangkok,,1.307692307692308,1.115384615384615,1.115384615384615,
643,2024-11-29 15:00:00,Asia/Bangkok,,1.589285714285714,1.375,1.375,
644,2024-11-29 16:00:00,Asia/Bangkok,,5.12280701754386,4.421052631578948,4.421052631578948,
645,2024-11-29 17:00:00,Asia/Bangkok,,6.266666666666667,5.8,5.8,
646,2024-11-29 18:00:00,Asia/Bangkok,,23.18333333333333,19.0,22.58333333333333,
647,2024-11-29 19:00:00,Asia/Bangkok,,25.98333333333333,22.28333333333333,24.71666666666667,
648,2024-11-29 20:00:00,Asia/Bangkok,,20.93333333333333,18.25,18.28333333333333,
649,2024-11-29 21:00:00,Asia/Bangkok,,19.0,16.51666666666667,16.51666666666667,
650,2024-11-29 22:00:00,Asia/Bangkok,,26.95,24.06666666666667,24.33333333333333,
651,2024-11-29 23:00:00,Asia/Bangkok,,26.3,23.75,24.0,
652,2024-11-30 00:00:00,Asia/Bangkok,,10.85,9.683333333333334,9.683333333333334,
653,2024-11-30 01:00:00,Asia/Bangkok,,3.666666666666667,3.25,3.25,
654,2024-11-30 02:00:00,Asia/Bangkok,,2.482758620689655,2.206896551724138,2.206896551724138,
655,2024-11-30 03:00:00,Asia/Bangkok,,2.169491525423729,1.88135593220339,1.88135593220339,
656,2024-11-30 04:00:00,Asia/Bangkok,,7.64406779661017,6.64406779661017,6.64406779661017,
657,2024-11-30 05:00:00,Asia/Bangkok,,11.93333333333333,10.43333333333333,10.43333333333333,
658,2024-11-30 06:00:00,Asia/Bangkok,,11.18333333333333,9.366666666666667,9.366666666666667,
659,2024-11-30 07:00:00,Asia/Bangkok,,17.58333333333333,15.53333333333333,15.53333333333333,
660,2024-11-30 08:00:00,Asia/Bangkok,,22.31666666666667,20.16666666666667,20.46666666666667,
661,2024-11-30 09:00:00,Asia/Bangkok,,11.08333333333333,9.883333333333333,9.883333333333333,
662,2024-11-30 10:00:00,Asia/Bangkok,,6.016666666666667,5.55,5.55,
663,2024-11-30 11:00:00,Asia/Bangkok,,4.288135593220339,3.745762711864407,3.745762711864407,
664,2024-11-30 12:00:00,Asia/Bangkok,,4.266666666666667,3.7,3.7,
665,2024-11-30 13:00:00,Asia/Bangkok,,2.033333333333333,1.733333333333333,1.733333333333333,
666,2024-11-30 14:00:00,Asia/Bangkok,,4.416666666666667,3.95,3.95,
667,2024-11-30 15:00:00,Asia/Bangkok,,8.066666666666666,6.966666666666667,7.3,
668,2024-11-30 16:00:00,Asia/Bangkok,,4.637931034482759,4.137931034482759,4.137931034482759,
669,2024-11-30 17:00:00,Asia/Bangkok,,5.633333333333334,4.983333333333333,4.983333333333333,
670,2024-11-30 18:00:00,Asia/Bangkok,,16.38333333333333,13.93333333333333,14.21666666666667,
671,2024-11-30 19:00:00,Asia/Bangkok,,30.08333333333333,25.76666666666667,28.4,
672,2024-11-30 20:00:00,Asia/Bangkok,,16.76666666666667,14.63333333333333,14.63333333333333,
673,2024-11-30 21:00:00,Asia/Bangkok,,4.294117647058823,3.705882352941177,3.705882352941177,
674,2024-11-30 22:00:00,Asia/Bangkok,,1.620689655172414,1.396551724137931,1.396551724137931,
675,2024-11-30 23:00:00,Asia/Bangkok,,1.830508474576271,1.457627118644068,1.457627118644068,
676,2024-12-01 00:00:00,Asia/Bangkok,,1.542372881355932,1.305084745762712,1.305084745762712,
677,2024-12-01 01:00:00,Asia/Bangkok,,1.53448275862069,1.327586206896552,1.327586206896552,
678,2024-12-01 02:00:00,Asia/Bangkok,,2.283333333333333,1.95,1.95,
679,2024-12-01 03:00:00,Asia/Bangkok,,6.677966101694915,6.067796610169491,6.067796610169491,
680,2024-12-01 04:00:00,Asia/Bangkok,,11.35,10.53333333333333,10.53333333333333,
681,2024-12-01 05:00:00,Asia/Bangkok,,10.40816326530612,8.89795918367347,8.89795918367347,
682,2024-12-01 06:00:00,Asia/Bangkok,,10.6875,8.9375,8.9375,
683,2024-12-01 07:00:00,Asia/Bangkok,,10.86666666666667,9.083333333333334,9.083333333333334,
684,2024-12-01 08:00:00,Asia/Bangkok,,16.28333333333333,14.2,14.23333333333333,
685,2024-12-01 09:00:00,Asia/Bangkok,,9.866666666666667,7.95,7.95,
686,2024-12-01 10:00:00,Asia/Bangkok,,6.616666666666666,6.016666666666667,6.016666666666667,
687,2024-12-01 11:00:00,Asia/Bangkok,,5.6,4.95,4.95,
688,2024-12-01 12:00:00,Asia/Bangkok,,2.277777777777778,1.87037037037037,1.87037037037037,
689,2024-12-01 13:00:00,Asia/Bangkok,,1.204081632653061,1.081632653061225,1.081632653061225,
690,2024-12-01 14:00:00,Asia/Bangkok,,1.461538461538461,1.051282051282051,1.051282051282051,
691,2024-12-01 15:00:00,Asia/Bangkok,,1.361702127659574,1.148936170212766,1.148936170212766,
692,2024-12-01 16:00:00,Asia/Bangkok,,1.277777777777778,1.166666666666667,1.166666666666667,
693,2024-12-01 17:00:00,Asia/Bangkok,,2.854545454545454,2.545454545454545,2.545454545454545,
694,2024-12-01 18:00:00,Asia/Bangkok,,15.08333333333333,13.03333333333333,13.26666666666667,
695,2024-12-01 19:00:00,Asia/Bangkok,,15.53333333333333,13.6,13.66666666666667,
696,2024-12-01 20:00:00,Asia/Bangkok,,32.11666666666667,27.55,28.1,
697,2024-12-01 21:00:00,Asia/Bangkok,,20.15,17.3,17.31666666666667,
698,2024-12-01 22:00:00,Asia/Bangkok,,4.576271186440678,3.983050847457627,3.983050847457627,
699,2024-12-01 23:00:00,Asia/Bangkok,,1.277777777777778,1.092592592592593,1.092592592592593,
700,2024-12-02 00:00:00,Asia/Bangkok,,1.454545454545455,1.345454545454545,1.345454545454545,
701,2024-12-02 01:00:00,Asia/Bangkok,,1.275,1.025,1.025,
702,2024-12-02 02:00:00,Asia/Bangkok,,1.255813953488372,1.0,1.0,
703,2024-12-02 03:00:00,Asia/Bangkok,,1.207547169811321,1.075471698113208,1.075471698113208,
704,2024-12-02 04:00:00,Asia/Bangkok,,1.53448275862069,1.275862068965517,1.275862068965517,
705,2024-12-02 05:00:00,Asia/Bangkok,,1.719298245614035,1.456140350877193,1.456140350877193,
706,2024-12-02 06:00:00,Asia/Bangkok,,1.666666666666667,1.263157894736842,1.263157894736842,
707,2024-12-02 07:00:00,Asia/Bangkok,,2.0,1.6,1.6,
708,2024-12-02 08:00:00,Asia/Bangkok,,6.116666666666666,5.566666666666666,5.566666666666666,
709,2024-12-02 09:00:00,Asia/Bangkok,,9.5,8.466666666666667,8.466666666666667,
710,2024-12-02 10:00:00,Asia/Bangkok,,8.5,7.35,7.35,
711,2024-12-02 11:00:00,Asia/Bangkok,,6.933333333333334,6.183333333333334,6.183333333333334,
712,2024-12-02 12:00:00,Asia/Bangkok,,4.616666666666666,4.1,4.1,
713,2024-12-02 13:00:00,Asia/Bangkok,,2.915254237288135,2.64406779661017,2.64406779661017,
714,2024-12-02 14:00:00,Asia/Bangkok,,3.016666666666667,2.516666666666667,2.516666666666667,
715,2024-12-02 15:00:00,Asia/Bangkok,,6.9,6.216666666666667,6.216666666666667,
716,2024-12-02 16:00:00,Asia/Bangkok,,9.916666666666666,9.016666666666667,9.016666666666667,
717,2024-12-02 17:00:00,Asia/Bangkok,,4.869565217391305,4.652173913043478,4.652173913043478,
718,2024-12-20 16:00:00,Asia/Bangkok,,3.555555555555555,2.925925925925926,2.925925925925926,
719,2024-12-20 17:00:00,Asia/Bangkok,,7.283333333333333,6.2,6.2,
720,2024-12-20 18:00:00,Asia/Bangkok,,2.294117647058823,1.980392156862745,1.980392156862745,
721,2024-12-20 19:00:00,Asia/Bangkok,,2.916666666666667,2.566666666666667,2.566666666666667,
722,2024-12-20 20:00:00,Asia/Bangkok,,3.932203389830509,3.508474576271186,3.508474576271186,
723,2024-12-20 21:00:00,Asia/Bangkok,,3.183333333333333,2.916666666666667,2.916666666666667,
724,2024-12-20 22:00:00,Asia/Bangkok,,4.47457627118644,3.864406779661017,3.864406779661017,
725,2024-12-20 23:00:00,Asia/Bangkok,,4.966666666666667,4.35,4.35,
726,2024-12-21 00:00:00,Asia/Bangkok,,4.8,4.15,4.15,
727,2024-12-21 01:00:00,Asia/Bangkok,,5.813559322033898,5.050847457627119,5.050847457627119,
728,2024-12-21 02:00:00,Asia/Bangkok,,6.916666666666667,6.033333333333333,6.033333333333333,
729,2024-12-21 03:00:00,Asia/Bangkok,,5.466666666666667,4.933333333333334,4.933333333333334,
730,2024-12-21 04:00:00,Asia/Bangkok,,6.666666666666667,6.033333333333333,6.033333333333333,
731,2024-12-21 05:00:00,Asia/Bangkok,,7.916666666666667,6.616666666666666,6.616666666666666,
732,2024-12-21 06:00:00,Asia/Bangkok,,11.45,10.25,10.25,
733,2024-12-21 07:00:00,Asia/Bangkok,,10.53333333333333,9.366666666666667,9.366666666666667,
734,2024-12-21 08:00:00,Asia/Bangkok,,7.816666666666666,6.883333333333334,6.883333333333334,
735,2024-12-21 09:00:00,Asia/Bangkok,,3.983333333333333,3.45,3.45,
736,2024-12-21 10:00:00,Asia/Bangkok,,5.406779661016949,4.254237288135593,4.254237288135593,
737,2024-12-21 11:00:00,Asia/Bangkok,,6.716666666666667,6.0,6.0,
738,2024-12-21 12:00:00,Asia/Bangkok,,3.916666666666667,3.4,3.4,
739,2024-12-21 13:00:00,Asia/Bangkok,,2.137931034482758,1.931034482758621,1.931034482758621,
740,2024-12-21 14:00:00,Asia/Bangkok,,1.457627118644068,1.305084745762712,1.305084745762712,
741,2024-12-21 15:00:00,Asia/Bangkok,,1.732142857142857,1.607142857142857,1.607142857142857,
742,2024-12-21 16:00:00,Asia/Bangkok,,1.793103448275862,1.620689655172414,1.620689655172414,
743,2024-12-21 17:00:00,Asia/Bangkok,,2.2,2.066666666666667,2.066666666666667,
744,2024-12-21 18:00:00,Asia/Bangkok,,3.5,3.066666666666667,3.066666666666667,
745,2024-12-21 19:00:00,Asia/Bangkok,,8.5,6.9,6.9,
746,2024-12-21 20:00:00,Asia/Bangkok,,7.516666666666667,6.366666666666666,6.366666666666666,
747,2024-12-21 21:00:00,Asia/Bangkok,,7.0,6.319148936170213,6.319148936170213,
748,2025-01-06 10:00:00,Asia/Bangkok,,7.821428571428571,6.642857142857143,6.642857142857143,
749,2025-01-06 11:00:00,Asia/Bangkok,,6.216666666666667,5.583333333333333,5.583333333333333,
750,2025-01-06 12:00:00,Asia/Bangkok,,6.816666666666666,6.083333333333333,6.083333333333333,
751,2025-01-06 13:00:00,Asia/Bangkok,,5.5,5.4,5.4,
752,2025-01-06 16:00:00,Asia/Bangkok,,48.71428571428572,38.42857142857143,49.78571428571428,
753,2025-01-06 17:00:00,Asia/Bangkok,,34.38333333333333,28.76666666666667,32.93333333333333,
754,2025-01-06 18:00:00,Asia/Bangkok,,15.23333333333333,13.15,13.15,
755,2025-01-06 19:00:00,Asia/Bangkok,,7.483333333333333,6.666666666666667,6.666666666666667,
756,2025-01-06 20:00:00,Asia/Bangkok,,7.683333333333334,7.033333333333333,7.033333333333333,
757,2025-01-06 21:00:00,Asia/Bangkok,,4.779661016949152,4.254237288135593,4.254237288135593,
758,2025-01-06 22:00:00,Asia/Bangkok,,5.583333333333333,4.783333333333333,4.783333333333333,
759,2025-01-06 23:00:00,Asia/Bangkok,,6.45,5.566666666666666,5.566666666666666,
760,2025-01-07 00:00:00,Asia/Bangkok,,4.683333333333334,4.2,4.2,
761,2025-01-07 01:00:00,Asia/Bangkok,,6.266666666666667,5.733333333333333,5.733333333333333,
762,2025-01-07 02:00:00,Asia/Bangkok,,8.183333333333334,7.433333333333334,7.433333333333334,
763,2025-01-07 03:00:00,Asia/Bangkok,,6.583333333333333,5.983333333333333,5.983333333333333,
764,2025-01-07 04:00:00,Asia/Bangkok,,6.816666666666666,6.3,6.3,
765,2025-01-07 05:00:00,Asia/Bangkok,,5.457627118644067,5.067796610169491,5.067796610169491,
766,2025-01-07 06:00:00,Asia/Bangkok,,2.25,2.1875,2.1875,
767,2025-01-07 07:00:00,Asia/Bangkok,,1.446428571428571,1.214285714285714,1.214285714285714,
768,2025-01-07 08:00:00,Asia/Bangkok,,1.833333333333333,1.616666666666667,1.616666666666667,
769,2025-01-07 09:00:00,Asia/Bangkok,,2.779661016949153,2.576271186440678,2.576271186440678,
770,2025-01-07 10:00:00,Asia/Bangkok,,3.35593220338983,3.067796610169491,3.067796610169491,
771,2025-01-07 11:00:00,Asia/Bangkok,,5.1,4.55,4.55,
772,2025-01-07 12:00:00,Asia/Bangkok,,4.083333333333333,3.383333333333333,3.383333333333333,
773,2025-01-07 13:00:00,Asia/Bangkok,,5.383333333333334,4.65,4.65,
774,2025-01-07 14:00:00,Asia/Bangkok,,6.070175438596491,5.526315789473684,5.526315789473684,
775,2025-01-07 15:00:00,Asia/Bangkok,,3.566666666666667,3.25,3.25,
776,2025-01-07 16:00:00,Asia/Bangkok,,2.45,2.266666666666667,2.266666666666667,
777,2025-01-07 17:00:00,Asia/Bangkok,,2.372549019607843,2.07843137254902,2.07843137254902,
778,2025-01-07 18:00:00,Asia/Bangkok,,2.45,2.183333333333333,2.183333333333333,
779,2025-01-07 19:00:00,Asia/Bangkok,,4.483333333333333,3.8,3.8,
780,2025-01-07 20:00:00,Asia/Bangkok,,10.6,9.133333333333333,9.133333333333333,
781,2025-01-07 21:00:00,Asia/Bangkok,,6.016666666666667,5.233333333333333,5.233333333333333,
782,2025-01-07 22:00:00,Asia/Bangkok,,7.766666666666667,7.083333333333333,7.083333333333333,
783,2025-01-07 23:00:00,Asia/Bangkok,,6.898305084745763,6.440677966101695,6.440677966101695,
784,2025-01-08 00:00:00,Asia/Bangkok,,4.452830188679245,3.886792452830189,3.886792452830189,
785,2025-01-08 01:00:00,Asia/Bangkok,,1.0,1.0,1.0,
786,2025-01-08 02:00:00,Asia/Bangkok,,1.0,1.0,1.0,
787,2025-01-08 03:00:00,Asia/Bangkok,,1.3,1.0,1.0,
788,2025-01-08 04:00:00,Asia/Bangkok,,1.0,1.0,1.0,
789,2025-01-08 05:00:00,Asia/Bangkok,,2.1,1.933333333333333,1.933333333333333,
790,2025-01-08 06:00:00,Asia/Bangkok,,1.636363636363636,1.309090909090909,1.309090909090909,
791,2025-01-08 07:00:00,Asia/Bangkok,,2.4,1.916666666666667,1.916666666666667,
792,2025-01-08 08:00:00,Asia/Bangkok,,6.932203389830509,5.813559322033898,5.813559322033898,
793,2025-01-08 09:00:00,Asia/Bangkok,,16.2,14.51666666666667,14.51666666666667,
794,2025-01-08 10:00:00,Asia/Bangkok,,13.73333333333333,12.38333333333333,12.38333333333333,
795,2025-01-08 11:00:00,Asia/Bangkok,,8.983333333333333,7.733333333333333,7.733333333333333,
796,2025-01-08 12:00:00,Asia/Bangkok,,5.3,4.85,4.85,
797,2025-01-08 13:00:00,Asia/Bangkok,,4.85,4.366666666666666,4.366666666666666,
798,2025-01-08 14:00:00,Asia/Bangkok,,2.315789473684211,2.052631578947369,2.052631578947369,
799,2025-01-08 15:00:00,Asia/Bangkok,,1.385964912280702,1.210526315789474,1.210526315789474,
800,2025-01-08 16:00:00,Asia/Bangkok,,1.879310344827586,1.448275862068966,1.448275862068966,
801,2025-01-08 17:00:00,Asia/Bangkok,,2.966101694915254,2.610169491525424,2.610169491525424,
802,2025-01-08 18:00:00,Asia/Bangkok,,5.166666666666667,4.816666666666666,4.816666666666666,
803,2025-01-08 19:00:00,Asia/Bangkok,,12.03333333333333,10.36666666666667,10.36666666666667,
804,2025-01-08 20:00:00,Asia/Bangkok,,10.08333333333333,8.85,8.85,
805,2025-01-08 21:00:00,Asia/Bangkok,,10.16666666666667,9.2,9.2,
806,2025-01-08 22:00:00,Asia/Bangkok,,12.45614035087719,10.71929824561403,10.71929824561403,
807,2025-01-09 02:00:00,Asia/Bangkok,,8.130434782608695,7.282608695652174,7.282608695652174,
808,2025-01-09 03:00:00,Asia/Bangkok,,4.610169491525424,3.915254237288135,3.915254237288135,
809,2025-01-09 04:00:00,Asia/Bangkok,,3.966101694915254,3.338983050847458,3.338983050847458,
810,2025-01-09 05:00:00,Asia/Bangkok,,9.3,7.983333333333333,7.983333333333333,
811,2025-01-09 06:00:00,Asia/Bangkok,,9.133333333333333,7.716666666666667,7.716666666666667,
812,2025-01-09 07:00:00,Asia/Bangkok,,8.6,7.833333333333333,7.833333333333333,
813,2025-01-09 08:00:00,Asia/Bangkok,,11.91666666666667,10.68333333333333,10.68333333333333,
814,2025-01-09 09:00:00,Asia/Bangkok,,7.1,6.416666666666667,6.416666666666667,
815,2025-01-09 10:00:00,Asia/Bangkok,,5.3,4.666666666666667,4.666666666666667,
816,2025-01-09 11:00:00,Asia/Bangkok,,5.433333333333334,4.783333333333333,4.783333333333333,
817,2025-01-09 12:00:00,Asia/Bangkok,,6.483333333333333,5.783333333333333,5.783333333333333,
818,2025-01-09 13:00:00,Asia/Bangkok,,6.898305084745763,6.152542372881356,6.152542372881356,
819,2025-01-09 14:00:00,Asia/Bangkok,,7.382978723404255,6.468085106382978,6.468085106382978,
820,2025-01-21 16:00:00,Asia/Bangkok,,7.84,6.7,6.7,
821,2025-01-21 17:00:00,Asia/Bangkok,,7.9,6.566666666666666,6.566666666666666,
822,2025-01-21 18:00:00,Asia/Bangkok,,9.483333333333333,8.683333333333334,8.683333333333334,
823,2025-01-21 19:00:00,Asia/Bangkok,,12.86666666666667,10.55,10.55,
824,2025-01-21 20:00:00,Asia/Bangkok,,14.91666666666667,12.83333333333333,12.83333333333333,
825,2025-01-21 21:00:00,Asia/Bangkok,,19.3,16.86666666666667,16.86666666666667,
826,2025-01-21 22:00:00,Asia/Bangkok,,22.85,20.43333333333333,20.43333333333333,
827,2025-01-21 23:00:00,Asia/Bangkok,,16.1,14.13333333333333,14.13333333333333,
828,2025-01-22 00:00:00,Asia/Bangkok,,12.45,11.11666666666667,11.11666666666667,
829,2025-01-22 01:00:00,Asia/Bangkok,,15.3,13.21666666666667,13.21666666666667,
830,2025-01-22 02:00:00,Asia/Bangkok,,11.8,10.76666666666667,10.76666666666667,
831,2025-01-22 03:00:00,Asia/Bangkok,,7.566666666666666,6.566666666666666,6.566666666666666,
832,2025-01-22 04:00:00,Asia/Bangkok,,6.483333333333333,6.05,6.05,
833,2025-01-22 05:00:00,Asia/Bangkok,,7.9,7.083333333333333,7.083333333333333,
834,2025-01-22 06:00:00,Asia/Bangkok,,11.75,10.35,10.35,
835,2025-01-22 07:00:00,Asia/Bangkok,,13.01666666666667,11.08333333333333,11.08333333333333,
836,2025-01-22 08:00:00,Asia/Bangkok,,11.86666666666667,10.56666666666667,10.56666666666667,
837,2025-01-22 09:00:00,Asia/Bangkok,,14.65,13.3,13.3,
838,2025-01-22 10:00:00,Asia/Bangkok,,21.1,18.3,18.3,
839,2025-01-22 11:00:00,Asia/Bangkok,,19.08333333333333,16.78333333333333,16.78333333333333,
840,2025-01-22 12:00:00,Asia/Bangkok,,18.88333333333333,15.91666666666667,15.91666666666667,
841,2025-01-22 13:00:00,Asia/Bangkok,,18.52631578947368,16.21052631578947,16.21052631578947,
842,2025-01-22 14:00:00,Asia/Bangkok,,17.68333333333333,15.65,15.65,
843,2025-01-22 15:00:00,Asia/Bangkok,,10.1,8.983333333333333,8.983333333333333,
844,2025-01-22 16:00:00,Asia/Bangkok,,13.2,11.56666666666667,11.56666666666667,
845,2025-01-22 17:00:00,Asia/Bangkok,,18.56666666666667,16.58333333333333,16.58333333333333,
846,2025-01-22 18:00:00,Asia/Bangkok,,24.58333333333333,21.4,21.43333333333333,
847,2025-01-22 19:00:00,Asia/Bangkok,,26.8,22.98333333333333,23.33333333333333,
848,2025-01-22 20:00:00,Asia/Bangkok,,19.21666666666667,17.15,17.15,
849,2025-01-22 21:00:00,Asia/Bangkok,,20.68333333333333,17.15,17.15,
850,2025-01-22 22:00:00,Asia/Bangkok,,23.18333333333333,20.21666666666667,20.21666666666667,
851,2025-01-22 23:00:00,Asia/Bangkok,,23.63333333333333,21.36666666666667,21.4,
852,2025-01-23 00:00:00,Asia/Bangkok,,18.65,16.73333333333333,16.73333333333333,
853,2025-01-23 01:00:00,Asia/Bangkok,,15.71666666666667,14.33333333333333,14.33333333333333,
854,2025-01-23 02:00:00,Asia/Bangkok,,15.68333333333333,13.51666666666667,13.51666666666667,
855,2025-01-23 03:00:00,Asia/Bangkok,,15.41666666666667,13.75,13.75,
856,2025-01-23 04:00:00,Asia/Bangkok,,26.01666666666667,22.28333333333333,22.28333333333333,
857,2025-01-23 05:00:00,Asia/Bangkok,,22.46666666666667,19.51666666666667,19.51666666666667,
858,2025-01-23 06:00:00,Asia/Bangkok,,24.88333333333333,21.88333333333333,21.91666666666667,
859,2025-01-23 07:00:00,Asia/Bangkok,,28.91666666666667,25.0,25.18333333333333,
860,2025-01-23 08:00:00,Asia/Bangkok,,26.81666666666667,23.3,23.35,
861,2025-01-23 09:00:00,Asia/Bangkok,,27.35,23.8,24.08333333333333,
862,2025-01-23 10:00:00,Asia/Bangkok,,17.6,15.4,15.4,
863,2025-01-23 11:00:00,Asia/Bangkok,,19.15,16.41666666666667,16.41666666666667,
864,2025-01-23 12:00:00,Asia/Bangkok,,16.45,14.36666666666667,14.36666666666667,
865,2025-01-23 13:00:00,Asia/Bangkok,,14.08771929824561,12.54385964912281,12.54385964912281,
866,2025-01-23 14:00:00,Asia/Bangkok,,10.63333333333333,9.4,9.4,
867,2025-01-23 15:00:00,Asia/Bangkok,,11.1,9.616666666666667,9.616666666666667,
868,2025-01-23 16:00:00,Asia/Bangkok,,9.8,8.516666666666667,9.0,
869,2025-01-23 17:00:00,Asia/Bangkok,,14.78333333333333,12.75,12.76666666666667,
870,2025-01-23 18:00:00,Asia/Bangkok,,9.983333333333333,8.7,8.7,
871,2025-01-23 19:00:00,Asia/Bangkok,,14.96666666666667,13.08333333333333,13.08333333333333,
872,2025-01-23 20:00:00,Asia/Bangkok,,28.28333333333333,24.03333333333333,24.25,
873,2025-01-23 21:00:00,Asia/Bangkok,,18.23333333333333,15.46666666666667,15.53333333333333,
874,2025-01-23 22:00:00,Asia/Bangkok,,13.56666666666667,11.75,11.75,
875,2025-01-23 23:00:00,Asia/Bangkok,,14.13333333333333,12.66666666666667,12.66666666666667,
876,2025-01-24 00:00:00,Asia/Bangkok,,18.06666666666667,16.11666666666667,16.11666666666667,
877,2025-01-24 01:00:00,Asia/Bangkok,,23.23333333333333,20.38333333333333,20.38333333333333,
878,2025-01-24 02:00:00,Asia/Bangkok,,46.85,37.21666666666667,42.96666666666667,
879,2025-01-24 03:00:00,Asia/Bangkok,,32.13333333333333,26.86666666666667,28.26666666666667,
880,2025-01-24 04:00:00,Asia/Bangkok,,18.65,15.48333333333333,15.48333333333333,
881,2025-01-24 05:00:00,Asia/Bangkok,,17.73333333333333,15.8,15.8,
882,2025-01-24 06:00:00,Asia/Bangkok,,16.95,14.48333333333333,14.48333333333333,
883,2025-01-24 07:00:00,Asia/Bangkok,,27.45,23.4,23.63333333333333,
884,2025-01-24 08:00:00,Asia/Bangkok,,21.41666666666667,18.98333333333333,18.98333333333333,
885,2025-01-24 09:00:00,Asia/Bangkok,,19.50847457627119,16.54237288135593,16.61016949152542,
886,2025-01-24 10:00:00,Asia/Bangkok,,4.683333333333334,4.033333333333333,4.033333333333333,
887,2025-01-24 11:00:00,Asia/Bangkok,,5.633333333333334,5.066666666666666,5.066666666666666,
888,2025-01-24 12:00:00,Asia/Bangkok,,5.067796610169491,4.220338983050848,4.220338983050848,
889,2025-01-24 13:00:00,Asia/Bangkok,,3.127272727272727,2.636363636363636,2.636363636363636,
890,2025-01-24 14:00:00,Asia/Bangkok,,1.508771929824561,1.245614035087719,1.245614035087719,
891,2025-01-24 15:00:00,Asia/Bangkok,,2.068965517241379,1.793103448275862,1.793103448275862,
892,2025-01-24 16:00:00,Asia/Bangkok,,15.0,13.27272727272727,13.27272727272727,
