date,timestamp,humidity,pm_10,pm_2_5,pm_2_5_sp,temperature
2023-12-23,2023-12-23,87.97260225332133,43.62994836488812,37.15404475043029,46.06626506024097,30.99886817078582
2023-12-24,2023-12-24,92.67038280298584,37.053583855254,32.20180932498261,38.50591510090467,30.25160755643267
2023-12-25,2023-12-25,87.86847055497564,19.73625608907446,18.1231732776618,19.5080027835769,31.22668813812957
2023-12-26,2023-12-26,91.16689194883004,21.87195546276966,20.2616562282533,21.27070285316632,30.25232239406641
2023-12-27,2023-12-27,86.89919474397198,23.11768802228412,20.30013927576602,23.12674094707521,31.4609155681472
2023-12-28,2023-12-28,84.4549917577037,14.47701949860724,13.05571030640668,13.34470752089137,31.64165698718228
2023-12-29,2023-12-29,84.36837757921386,24.82996515679443,22.14634146341463,24.65714285714286,31.96069995202254
2023-12-30,2023-12-30,91.12333334920136,26.95682451253482,24.28481894150418,26.2924791086351,30.9254799845491
2023-12-31,2023-12-31,93.63159094739474,16.56089074460682,15.64161447459986,15.81767571329158,29.96093495155924
2024-01-01,2024-01-01,93.24093702362804,44.39372822299651,40.1588850174216,51.77909407665505,30.19559385718369
2024-01-02,2024-01-02,90.18102653832362,39.08066759388039,35.42072322670376,43.64603616133519,31.10065189621545
2024-01-03,2024-01-03,81.66384813262195,26.05296167247387,23.57142857142857,24.83135888501742,32.93822029991017
2024-01-04,2024-01-04,86.98766221561192,35.7329149232915,31.04602510460251,36.99093444909344,31.80313110351562
2024-01-05,2024-01-05,86.03961487666479,33.48467966573816,29.67409470752089,33.30431754874652,31.56508103054546
2024-01-06,2024-01-06,83.8673611565115,23.91562064156206,21.69386331938633,23.41422594142259,32.05635485788768
2024-01-07,2024-01-07,94.44823454217772,19.45720250521921,17.78427279053584,18.6972860125261,29.26679957634721
2024-01-08,2024-01-08,91.90469103383784,23.48086290883786,21.72720946416145,22.65553235908142,29.47665347933521
2024-01-09,2024-01-09,91.78800642614824,19.46137787056367,18.21642310368824,18.71746694502436,30.0673196111691
2024-01-10,2024-01-10,94.03232900981864,19.51983298538622,18.27835768963118,18.54418928322895,29.82681879668743
2024-01-11,2024-01-11,96.63451384436937,29.85664578983994,26.7223382045929,29.50591510090466,29.05245551479377
2024-01-12,2024-01-12,89.45001590227035,32.34725121781489,28.55184411969381,33.3562978427279,30.70432404137852
2024-01-13,2024-01-13,94.341939148883,31.32127955493741,28.15785813630042,30.44853963838665,28.82442681282054
2024-01-14,2024-01-14,85.17984431405489,46.56924147529575,39.95963813500348,50.74530271398747,31.64879275264222
2024-01-15,2024-01-15,85.11996445095033,44.92345163535143,38.31036882393876,46.6562282533055,31.03769768254991
2024-01-16,2024-01-16,88.68333448862649,46.88656924147529,40.53166318719555,51.73347251217815,30.61221510980722
2024-01-17,2024-01-17,91.21529533370304,33.70911621433542,29.473208072373,34.57272094641615,30.50929951518463
2024-01-18,2024-01-18,96.19079844865294,18.70473537604457,17.20682451253482,17.9658774373259,29.02373268743743
2024-01-19,2024-01-19,93.14590899768558,27.05215577190543,24.80319888734353,26.29346314325452,29.82460159917203
2024-01-20,2024-01-20,90.58369926091356,45.9366295264624,40.79735376044568,52.2625348189415,30.50899346226769
2024-01-21,2024-01-21,84.90899602986909,46.93528183716075,39.71398747390397,47.94919972164231,32.01113834261646
2024-01-22,2024-01-22,78.20847142448824,52.92752613240418,44.11567944250871,57.44250871080139,32.80635246250272
2024-01-23,2024-01-23,86.86323195977918,58.50473186119874,48.74447949526814,66.46845425867508,31.36032826516907
2024-01-24,2024-01-24,84.73235539027623,40.52827380952381,34.92782738095238,46.46056547619047,31.72003201075963
2024-01-25,2024-01-25,91.38861166793446,39.53551476456504,34.71827613727055,41.41021548284118,30.8100909379988
2024-01-26,2024-01-26,93.180482188288,20.33861671469741,18.62536023054755,19.10806916426513,30.07096304330084
2024-01-27,2024-01-27,91.48666180084378,38.80167014613779,33.95337508698677,41.79401530967293,30.91117142137755
2024-01-28,2024-01-28,88.06599294106792,24.98353614889048,22.71009305654975,24.12455261274159,31.32390540415846
2024-01-29,2024-01-29,91.0198201044024,22.66713091922006,21.02019498607242,21.59888579387187,30.41397307244516
2024-01-30,2024-01-30,80.16949097868132,35.25591098748261,31.31849791376913,35.99860917941586,32.70865343542192
2024-01-31,2024-01-31,77.40707450553454,33.88308977035491,29.51356993736952,34.06958942240779,33.12079061297136
2024-02-01,2024-02-01,74.93080415433496,39.47493036211699,34.31615598885794,39.53133704735376,33.80252402472961
2024-02-02,2024-02-02,80.02175473435321,41.39818688981869,35.79497907949791,41.19107391910739,32.99067796523601
2024-02-03,2024-02-03,89.35761467389445,31.80284775465498,28.53340635268346,33.07447973713034,30.73303590337914
2024-02-04,2024-02-04,88.45546677094252,19.08874912648498,18.24807826694619,18.34800838574423,30.97480246106034
2024-02-05,2024-02-05,80.8205799916912,28.8344039971449,25.97430406852249,28.92219842969308,33.10364815101379
2024-02-06,2024-02-06,88.69180805416015,48.80306193458594,42.08698677800975,54.14335421016006,31.62378044367334
2024-02-07,2024-02-07,86.58295102770282,60.42339832869081,51.96935933147633,71.8600278551532,32.05078677546679
2024-02-08,2024-02-08,93.10844702777052,65.30828114126653,57.96033402922756,82.43075852470425,30.32017590357516
2024-02-09,2024-02-09,80.6169556603722,46.74947515745276,41.12666200139958,52.3778866340098,33.23697046769758
2024-02-10,2024-02-10,82.24467341901531,38.23173277661795,33.21711899791232,38.35421016005567,32.67790664959551
2024-02-11,2024-02-11,74.88537631659122,30.25,27.20403899721449,29.98955431754875,33.33012912930884
2024-02-12,2024-02-12,83.71175995955231,39.03120567375886,33.85106382978724,38.56312056737589,30.96934736535904
2024-02-13,2024-02-13,83.01220006551192,33.76896311760613,30.20668058455115,34.67571329157968,31.71325428749674
2024-02-14,2024-02-14,84.06310490199498,26.54017857142857,24.35535714285714,25.07321428571429,31.72039467947824
2024-02-15,2024-02-15,90.41282956435934,20.13291579679889,18.91231732776618,19.09533750869868,31.21045711891636
2024-02-16,2024-02-16,92.01168649219836,22.35048678720445,20.73991655076495,21.35326842837274,30.31675420981289
2024-02-17,2024-02-17,93.6972245387474,26.96105702364395,24.31641168289291,26.35257301808067,29.87737875820367
2024-02-18,2024-02-18,91.5409007562136,46.54843408594319,39.39402767662054,48.90458849235251,30.20639084762496
2024-02-19,2024-02-19,86.771400786143,45.34725121781489,38.45093945720251,47.85247042449548,32.15275328443045
2024-02-20,2024-02-20,85.6307229484712,54.81141266527488,47.87265135699374,65.24217118997912,32.32546366331224
2024-02-21,2024-02-21,82.75507339860071,41.51183844011142,36.63927576601672,45.29456824512535,33.16336480355861
2024-02-22,2024-02-22,85.93888040541275,35.33333333333334,30.66597077244259,35.53096729297147,32.49398313136091
2024-02-23,2024-02-23,84.0137160479732,40.86638830897704,35.68823938761308,47.86360473208072,32.80039618060086
2024-02-24,2024-02-24,87.95405569056628,45.02157272094642,39.24008350730689,50.0661099512874,31.24180485161958
2024-02-25,2024-02-25,83.40728483684542,55.48016701461378,47.47390396659708,64.2115518441197,32.6218759938919
2024-02-26,2024-02-26,85.11462198326515,44.44846796657382,38.45891364902507,46.87674094707521,31.77509509753384
2024-02-27,2024-02-27,78.71796505384711,47.70438247011952,40.87171314741036,52.21673306772908,33.22464803870456
2024-02-28,2024-02-28,79.7262420229261,46.73607242339833,40.27646239554318,51.42130919220056,33.39997251717825
2024-02-29,2024-02-29,79.85135788528218,46.33217027215632,39.95882763433357,51.82623866015352,32.89766363555206
2024-03-02,2024-03-02,76.62241923085311,41.66782972784368,37.8702023726448,48.29378925331473,33.95644002250251
2024-03-03,2024-03-03,83.50075864060321,27.43933054393305,24.96861924686192,26.81589958158996,32.73618307073745
2024-03-04,2024-03-04,91.51884860766788,26.37787056367432,24.07098121085595,25.47668754349339,31.00419142052127
2024-03-05,2024-03-05,87.53635369355224,41.08484005563282,35.71418636995828,44.55841446453407,31.87928307205646
2024-03-06,2024-03-06,90.12263436738866,38.64787752261656,33.85038274182325,38.34446764091858,31.2075907601693
2024-03-07,2024-03-07,81.38630617786367,32.59163763066202,29.24390243902439,32.28780487804878,33.38000211815385
2024-03-08,2024-03-08,89.31366582670059,20.82741823242867,19.42379958246347,20.0946416144746,31.42964596041558
2024-03-09,2024-03-09,89.27634391174104,31.09046624913013,28.41684064022269,34.64926931106472,31.61107455514418
2024-03-10,2024-03-10,94.78809529480618,29.98188153310105,26.6808362369338,30.16236933797909,29.95226646715756
2024-03-11,2024-03-11,96.98297743508611,31.81002087682672,28.79053583855254,31.01600556715379,28.6783340231113
2024-03-12,2024-03-12,82.92824593200896,53.84481558803062,45.69867780097425,60.86221294363257,32.67390496048898
2024-03-13,2024-03-13,82.55682953496488,41.59438040345821,36.19740634005764,42.10662824207493,32.04227876250957
2024-03-14,2024-03-14,76.51075650859812,64.76675977653632,58.20111731843576,81.36382681564245,33.72898655896746
2024-03-16,2024-03-16,75.7182737813696,70.23103688239388,60.22338204592902,83.60751565762004,34.12079940509199
2024-03-17,2024-03-17,77.38993624141006,51.62212943632568,44.44676409185804,56.73625608907446,33.58268785576233
2024-03-18,2024-03-18,79.04565207430629,58.88655462184874,49.65686274509804,68.96848739495799,33.52787562779018
2024-03-19,2024-03-19,77.68142402670178,57.63022284122562,49.27158774373259,67.54526462395543,33.66770433516223
2024-03-20,2024-03-20,78.45684946122564,47.78357689631176,40.66457898399443,51.08629088378567,34.15859469292308
2024-03-21,2024-03-21,84.41135738784843,40.15540069686411,35.09198606271777,41.13658536585366,32.49633321197191
2024-03-22,2024-03-22,87.11727516636222,48.9526791927627,41.73416840640223,53.580375782881,31.88152145990997
2024-03-23,2024-03-23,79.87230867665927,55.01809324982602,45.81628392484343,60.22894919972164,33.36590983922397
2024-03-26,2024-03-26,81.99696922434977,64.84620737647877,55.02992345163535,78.23799582463465,33.40990038654749
2024-03-27,2024-03-27,76.49149931266332,53.82996515679442,46.65226480836237,62.9205574912892,34.33136645592879
2024-03-28,2024-03-28,72.28520127245346,50.31593597773139,42.98190675017398,56.25121781489214,34.89401544558977
2024-03-29,2024-03-29,80.61006298623823,50.76638772663878,42.49860529986053,54.05299860529986,33.05861022183087
2024-03-30,2024-03-30,82.15417454841672,40.42267319804058,35.44226731980406,41.71238628411476,32.89813629641576
2024-03-31,2024-03-31,83.28444849738676,31.84738675958188,27.99303135888502,32.56585365853658,32.35642978787838
2024-04-01,2024-04-01,77.14666688458857,36.72175732217573,32.37238493723849,36.62761506276151,34.47985022636637
2024-04-02,2024-04-02,82.82984638678671,44.83716075156576,38.55323590814196,47.26096033402923,32.81006050508057
2024-04-03,2024-04-03,81.70880718989882,33.67062107466852,29.64619678995115,34.45359385903699,33.70530250267141
2024-04-04,2024-04-04,87.14966584844728,29.65970772442589,26.31663187195546,29.65762004175365,32.2600980690974
2024-04-05,2024-04-05,81.09313028460599,40.03835425383542,34.78591352859135,40.13319386331938,33.07952433949235
2024-04-06,2024-04-06,79.30989355537089,41.13296011196641,35.51924422673198,42.34709587123863,34.35234865331416
2024-04-07,2024-04-07,79.22584528352432,50.02449265220434,42.17284814555633,53.98180545836249,34.5603540312418
2024-04-08,2024-04-08,79.23430759817238,43.87760778859527,37.74895688456189,46.07579972183589,33.87624302891929
2024-04-09,2024-04-09,86.58239992443023,35.55254001391788,31.38135003479471,35.48990953375087,32.03712479306661
2024-04-10,2024-04-10,82.54154810998433,48.64206128133705,41.41713091922006,53.05362116991643,32.97856280398568
2024-04-11,2024-04-11,90.97499435945112,18.51619718309859,16.65985915492958,20.69014084507042,30.59170908121575
2024-04-12,2024-04-12,94.99160270828632,14.83212996389892,14.00090252707581,14.0370036101083,30.09574559621432
2024-04-13,2024-04-13,84.09033561402647,28.18448637316562,26.18029350104822,27.17400419287212,32.62471772839688
2024-04-14,2024-04-14,78.30385806748,40.09255393180236,34.54001391788448,40.67571329157968,33.80995716580767
2024-04-15,2024-04-15,86.81356049114909,36.68823938761308,32.67780097425192,37.11899791231733,32.06632100465651
2024-04-16,2024-04-16,88.50609193044531,45.80669923237962,39.10886252616888,47.35589672016748,32.48464835912966
2024-04-17,2024-04-17,88.67773641375261,24.82320055904962,22.26345213137666,24.56533892382949,31.82757925141082
2024-04-18,2024-04-18,87.32352934175879,16.36655052264808,15.16306620209059,15.99094076655052,32.15417378460133
2024-04-19,2024-04-19,89.47643751508734,30.32724719101124,27.48806179775281,29.66783707865169,31.81565831216534
2024-04-20,2024-04-20,85.07401203859973,29.96655052264808,27.13867595818815,29.61045296167248,32.89762128770144
2024-04-21,2024-04-21,94.17201329538536,26.87125956854558,24.20946416144746,26.07933194154489,30.40396608738909
2024-04-22,2024-04-22,84.81841170298365,17.96868475991649,16.64022268615171,17.2018093249826,32.92160320879273
2024-04-23,2024-04-23,82.18072002205625,30.21733053808526,27.09014675052411,29.58560447239693,33.69465058204763
2024-04-24,2024-04-24,84.43761518952245,32.77522616562283,28.91579679888657,33.88726513569937,33.80287186337911
2024-04-25,2024-04-25,84.67187211176713,44.63813500347947,38.41892832289492,49.67084203201114,33.26602179222665
2024-04-26,2024-04-26,83.69321849833683,37.5609243697479,33.25840336134454,38.00840336134454,32.92807058125985
2024-04-27,2024-04-27,84.49091158065849,40.98886569241476,35.62212943632568,43.15031315240083,33.01665558944416
2024-04-28,2024-04-28,86.98852198559537,23.17573221757322,21.2928870292887,22.47629009762901,32.44269718186127
2024-04-29,2024-04-29,83.66538354186588,26.70375521557719,24.08205841446453,26.94993045897079,33.67701905824876
2024-04-30,2024-04-30,78.82270361701896,29.38274182324287,26.85664578983994,30.53514265831594,34.62980584958899
2024-05-01,2024-05-01,76.93249579914455,54.39175977653631,49.93296089385475,70.19064245810056,35.31839381383118
2024-05-02,2024-05-02,93.07312692724678,20.23152022315202,18.80753138075314,19.5997210599721,30.65290379224961
2024-05-03,2024-05-03,85.36416878696939,24.37604456824512,21.47214484679666,25.12465181058496,32.88778858543189
2024-05-04,2024-05-04,87.42397576466814,17.81063829787234,16.24822695035461,17.36595744680851,32.27735929548865
2024-05-05,2024-05-05,94.07078261501434,39.6279554937413,34.76842837273992,44.29763560500695,30.48320955958254
2024-05-06,2024-05-06,84.66126467910415,23.38520586182833,21.39148639218423,23.25750174459176,33.09542520846509
2024-05-07,2024-05-07,88.49809287250906,26.04492753623189,23.44855072463768,25.33840579710145,32.02855649201766
2024-05-08,2024-05-08,90.39892357260132,18.78288100208768,17.25330549756437,17.94850382741823,31.16272418633383
2024-05-09,2024-05-09,89.2741267682781,49.81350034794711,43.65274878218511,58.50869867780097,31.9070804094223
2024-05-10,2024-05-10,84.19223718475877,37.48491228070176,32.74105263157895,39.5459649122807,33.21289833470395
2024-05-11,2024-05-11,86.04225721080711,30.06189151599444,26.33379694019472,30.39221140472879,32.71536263371708
2024-05-12,2024-05-12,87.59393178140309,36.48705388383485,32.06857942617215,36.33240027991602,32.37352439287745
2024-05-13,2024-05-13,82.83117607775505,21.75766016713092,20.44707520891365,20.93175487465181,33.01893016422027
2024-05-14,2024-05-14,88.72373790502216,30.60500695410292,27.39012517385257,30.02851182197497,32.24978068939336
2024-05-15,2024-05-15,94.60105603987256,34.44954766875435,30.51217814892136,34.04523312456507,30.87518425226709
2024-05-16,2024-05-16,86.8467953330592,27.25101214574899,24.382995951417,26.77975708502024,32.87350500933072
2024-05-17,2024-05-17,91.2946113329396,28.26294165981923,26.01807723911257,27.52423993426459,31.47350753245044
2024-05-18,2024-05-18,81.32597516838223,50.45473537604457,44.67479108635097,59.27506963788301,33.83457385729947
2024-05-19,2024-05-19,81.88444214718444,49.28521617852162,41.44142259414226,51.64435146443515,33.9211033777213
2024-05-20,2024-05-20,80.1236722176535,27.52982456140351,24.90947368421052,28.19087719298246,33.71498252467105
2024-05-21,2024-05-21,82.84213714067944,38.00696864111498,32.74285714285714,39.0020905923345,33.35094066447082
2024-05-22,2024-05-22,86.78930782989735,32.56506610995129,29.52748782185108,35.62352122477383,32.874662204177
2024-05-23,2024-05-23,89.86692295765147,25.92548746518106,23.7374651810585,25.03064066852368,31.86070391726693
2024-05-24,2024-05-24,80.69260516093532,27.47140864714087,24.80962343096234,29.15899581589958,33.98177398298575
2024-05-25,2024-05-25,85.81127419288981,31.77491289198606,28.82787456445993,31.2808362369338,33.17642456480019
2024-05-26,2024-05-26,85.67078571797745,29.72214484679666,26.64972144846797,30.47632311977716,32.68623607072325
2024-05-27,2024-05-27,88.80546426474426,47.11691022964509,42.72372999304105,59.45163535142658,32.12959114345479
2024-05-28,2024-05-28,81.5707679913122,21.40501043841336,20.0187891440501,20.55741127348643,33.9991578677502
2024-05-29,2024-05-29,83.56214007959393,43.40459610027855,37.46448467966574,47.96378830083565,34.22434751037768
2024-05-30,2024-05-30,87.06725352160534,31.64926931106472,27.96381350034795,32.44189283228949,32.44051748128425
2024-05-31,2024-05-31,89.59051993628219,38.95615866388309,33.13848295059151,41.69311064718163,31.76937604995759
2024-06-01,2024-06-01,90.1854491847708,25.95337508698678,23.90327070285317,25.32985386221294,31.56398637807444
2024-06-02,2024-06-02,89.38014744045017,34.44055944055944,30.45174825174825,33.34055944055944,32.00917640099158
2024-06-03,2024-06-03,83.89417576490585,40.38912133891213,35.10878661087866,40.5697350069735,32.81030247899778
2024-06-04,2024-06-04,83.35313717302837,56.37952646239555,49.29387186629526,67.81963788300835,33.37061571211536
2024-06-05,2024-06-05,87.22489747964559,28.80234070221066,26.05331599479844,30.30559167750325,32.27982210473539
2024-06-06,2024-06-06,86.65823482895213,37.55665839536807,34.47890818858561,46.94623655913978,32.31629629584755
2024-06-07,2024-06-07,90.46245508493033,34.52473867595819,30.37282229965157,35.15121951219512,31.42174016972452
2024-06-08,2024-06-08,86.29617080050923,58.81963788300835,51.79038997214484,71.83704735376044,32.90280036607493
2024-06-09,2024-06-09,87.05820917751132,52.56406685236769,45.24791086350975,59.88927576601672,32.72218518270424
2024-06-10,2024-06-10,90.95728694355644,34.57480862908838,30.65274878218511,34.17745302713988,31.17705598006916
2024-06-11,2024-06-11,82.3813451042574,36.91428571428571,33.02090592334495,42.05017421602788,33.24326380287729
2024-06-12,2024-06-12,80.7568767125522,30.86569241475296,26.72929714683368,31.51287404314544,33.45799774615899
2024-06-13,2024-06-13,83.63468645344032,28.27487821851079,25.53166318719555,27.57272094641614,32.50052179324602
2024-06-14,2024-06-14,82.84041210801489,47.88718662952646,41.42827298050139,51.95891364902507,32.63184953864903
2024-06-15,2024-06-15,79.2568876218663,52.85445682451253,44.31545961002786,57.71239554317549,33.89762857166173
2024-06-16,2024-06-16,79.93840386511724,54.48675034867504,47.06276150627615,62.89470013947001,33.96609190617645
2024-06-17,2024-06-17,87.7015605278334,41.61977715877438,35.79944289693594,41.91295264623955,31.88173618157262
2024-06-18,2024-06-18,79.33209053886078,23.49300699300699,21.16083916083916,24.72867132867133,33.72484674340599
2024-06-19,2024-06-19,82.27630806367432,30.18023660403619,27.55184411969381,31.80862908837857,32.37614004497488
2024-06-20,2024-06-20,85.13391291672103,53.29157967988866,46.22964509394572,62.7884481558803,32.32685829751924
2024-06-21,2024-06-21,85.598482859832,35.28984485190409,30.18688293370945,38.19534555712271,32.10186312789705
2024-06-22,2024-06-22,89.59196405271399,13.16225626740947,12.42688022284123,12.69846796657382,30.70305555498923
2024-06-23,2024-06-23,91.91087661764386,31.29624478442281,27.13977746870654,32.80319888734353,29.59968237949844
2024-06-24,2024-06-24,84.77124091872153,47.77575332866153,40.55290819901892,50.15557112824106,31.95131255098382
2024-06-25,2024-06-25,81.15306631104195,58.79178272980501,49.5299442896936,68.08983286908078,33.03207971259412
2024-06-26,2024-06-26,77.69928600308171,41.56886715566422,35.88753056234719,42.30969845150774,34.17885927232962
2024-06-27,2024-06-27,78.71179188538933,31.06124234470691,27.72090988626422,30.69816272965879,34.05839574618602
2024-06-28,2024-06-28,84.15749118913587,31.90993071593534,27.86297151655119,32.05003849114703,32.176072470861
2024-06-29,2024-06-29,85.55969365703288,47.0062630480167,39.72790535838553,53.214335421016,31.65004722260732
2024-06-30,2024-06-30,83.0298208592662,24.52228412256267,22.40529247910863,23.4150417827298,32.39295555688545
2024-07-01,2024-07-01,91.69349325308804,33.59151009046625,29.54766875434934,33.9874739039666,30.85788798481537
2024-07-02,2024-07-02,85.80787795746397,48.74176646706587,43.20059880239521,54.97904191616767,32.30524394326581
2024-07-03,2024-07-03,81.04180041129875,46.05431754874652,40.72144846796657,51.87325905292479,33.06630360382845
2024-07-04,2024-07-04,79.7553106965919,36.80766550522648,31.81184668989547,38.42160278745644,33.45425234272921
2024-07-05,2024-07-05,78.66496280054376,41.3549965059399,36.56813417190776,49.28441649196366,32.59623657482475
2024-07-06,2024-07-06,81.09471076216728,30.56754874651811,27.42200557103064,31.87186629526462,32.29820872647279
2024-07-07,2024-07-07,83.04963666030577,31.30796586059744,27.48719772403983,33.88691322901849,32.21823101003882
2024-07-08,2024-07-08,81.27248149492215,31.04108635097493,27.11350974930362,35.02576601671309,32.6095275241796
2024-07-09,2024-07-09,89.41367513700418,28.78705636743215,26.21711899791232,28.17466945024356,31.43324117322058
2024-07-10,2024-07-10,87.56770821999042,37.40320334261838,32.77855153203343,36.90320334261838,31.48281044282621
2024-07-11,2024-07-11,90.00624812853876,26.14564459930314,23.75540069686411,25.5588850174216,30.97694062023628
2024-07-12,2024-07-12,78.97046017447553,26.40839160839161,22.85524475524475,25.73566433566434,32.77868265561074
2024-07-13,2024-07-13,86.53207246678193,52.98608211551844,44.89004871259569,60.19067501739735,31.93512727422853
2024-07-14,2024-07-14,80.29046957909273,39.76061238691719,34.55114822546973,40.92971468336813,33.68636734550333
2024-07-15,2024-07-15,87.70589164372606,42.43523676880223,36.26114206128134,43.4575208913649,31.16822415407654
2024-07-16,2024-07-16,82.07858728715422,65.62491301322198,57.44676409185804,79.28462073764788,32.62881412386646
2024-07-17,2024-07-17,81.41844343956593,57.96172581767571,49.36325678496868,66.97425191370911,32.76068765086769
2024-07-18,2024-07-18,81.27959046182754,36.27566807313643,31.16526019690577,39.22011251758087,31.97359109226661
2024-07-19,2024-07-19,80.50145108934859,50.37535211267605,42.51267605633803,53.92746478873239,33.45217272261499
2024-07-20,2024-07-20,81.08245578743296,56.01257396449704,47.45414201183432,64.27440828402366,33.27247235901962
2024-07-21,2024-07-21,78.1752359742487,54.49268292682927,45.86411149825784,60.47595818815331,34.244933018701
2024-07-22,2024-07-22,78.36851625701331,58.27070285316632,50.16283924843424,67.10368823938761,34.19335542491682
2024-07-25,2024-07-25,71.94249970098295,51.92275574112735,45.53653444676409,63.84342379958246,35.04905111356668
2024-07-26,2024-07-26,69.21188617336242,43.20398912058024,37.42248413417951,49.10879419764279,35.57417426018529
2024-07-27,2024-07-27,74.8010218659769,60.34359961501444,51.62752646775746,72.72762271414823,33.83713400054138
2024-07-28,2024-07-28,73.84722131610995,59.29993041057759,50.30201809324983,69.25956854558108,34.25877708482842
2024-07-29,2024-07-29,74.63868038164199,57.1595818815331,47.87735191637631,65.30243902439024,34.48700419037184
2024-07-30,2024-07-30,76.92854942385533,41.55431754874652,36.22632311977716,43.23119777158774,33.20716857910156
2024-07-31,2024-07-31,77.9054096386855,51.57043235704324,43.90167364016737,57.56066945606695,33.82927228217344
2024-08-01,2024-08-01,95.79742218230987,36.54965034965035,32.13986013986014,36.15104895104895,29.20326819786658
2024-08-02,2024-08-02,79.51841221546397,42.66434540389972,36.32311977715877,45.47701949860724,33.31558397553425
2024-08-03,2024-08-03,81.76525402866034,55.66991643454039,47.52298050139276,61.61629526462396,33.48911593551423
2024-08-04,2024-08-04,80.28083647301236,29.92205984690327,26.34029227557411,32.35560194850382,33.27593841234179
2024-08-05,2024-08-05,85.7748260073011,22.43036211699164,20.22980501392758,22.4491643454039,31.63683197956563
2024-08-06,2024-08-06,84.0469816947199,44.43632567849687,39.04384133611691,50.09533750869868,32.270561329756
2024-08-07,2024-08-07,83.92686943420537,45.04801670146138,39.20876826722338,49.14683368128045,32.29486580930324
2024-08-08,2024-08-08,90.6930603579506,40.61377870563674,35.03270702853166,40.60542797494781,30.88083287121608
2024-08-09,2024-08-09,84.25322316664852,55.91637630662021,50.4,67.06689895470383,32.39127405678354
2024-08-10,2024-08-10,87.85142148627783,50.63326374391092,44.44398051496172,60.58942240779402,31.68604139992987
2024-08-11,2024-08-11,84.01028414774704,40.08281141266527,34.13917884481559,41.15588030619346,32.99062008150933
2024-08-12,2024-08-12,82.23749690142303,28.36471408647141,25.58089260808926,28.31799163179916,32.21910293132191
2024-08-13,2024-08-13,76.33624547711665,43.74895688456189,37.47705146036161,46.58831710709318,33.90442446309436
2024-08-14,2024-08-14,80.34654801806063,58.47738343771746,50.73903966597077,68.41057759220598,32.96564281360093
2024-08-15,2024-08-15,76.72302884091899,44.79790940766551,38.5588850174216,47.04808362369338,33.57402820121951
2024-08-16,2024-08-16,87.99995735609124,39.50661099512874,34.41127348643006,38.54349338900487,32.2522979290351
2024-08-17,2024-08-17,98.42812370789083,51.25069637883009,43.12534818941504,57.10236768802228,29.56608318020706
2024-08-18,2024-08-18,85.25832779472208,52.13987473903967,43.76130828114127,56.15727209464161,32.61879938878197
2024-08-19,2024-08-19,88.80076713880788,42.27576601671309,36.27785515320334,43.19428969359331,31.75631403590975
2024-08-20,2024-08-20,81.6709596853223,34.77491289198606,30.91149825783972,36.66829268292683,32.88293265631805
2024-08-21,2024-08-21,91.83930208424007,26.98050139275766,24.15111420612813,26.23398328690808,30.08437876581814
2024-08-22,2024-08-22,87.25179461198461,48.56576200417537,41.55114822546973,54.95546276965901,31.38065154965586
2024-08-23,2024-08-23,81.73436514602905,62.4321503131524,53.74391092553932,74.92205984690327,32.81897495086606
2024-08-24,2024-08-24,93.85338148366776,33.02228412256267,29.1483286908078,33.66016713091922,29.98509441577625
2024-08-25,2024-08-25,87.47243436575765,37.12108559498956,32.7696590118302,38.45929018789144,31.01874046883155
2024-08-26,2024-08-26,84.297935151357,59.47599164926931,52.17814892136396,70.61447459986083,31.98704410943208
2024-08-27,2024-08-27,84.75809860494955,41.62212943632568,35.56993736951983,44.74669450243563,31.60875483694057
2024-08-28,2024-08-28,85.17606622250653,34.40905923344948,30.74216027874564,37.67247386759582,31.19090478345492
2024-08-29,2024-08-29,79.31286383404685,47.54659248956884,41.32823365785814,55.46383866481224,33.00203729239558
2024-08-30,2024-08-30,78.80075550612125,53.22416201117318,45.48114525139665,59.22416201117318,33.06499587756961
2024-08-31,2024-08-31,79.25787111413753,68.1892832289492,59.20528879610299,83.83507306889352,32.87327457818208
2024-09-01,2024-09-01,78.86059264286646,46.07172701949861,39.23119777158774,48.53342618384401,33.09861292081955
2024-09-02,2024-09-02,78.0630018250743,71.37391930835734,60.94596541786743,81.98631123919309,34.54400208223107
2024-09-03,2024-09-03,81.65596778239679,47.969654199012,41.71136203246295,53.82921665490473,33.11586152522936
2024-09-04,2024-09-04,85.96599913057419,48.08129439621153,42.28966061562747,54.03551696921863,31.87933508580184
2024-09-05,2024-09-05,93.04209017972332,67.34288990825688,58.24770642201835,85.55848623853211,30.39398508334379
2024-09-06,2024-09-06,91.79503683639248,45.86356073211314,38.80865224625624,47.6189683860233,30.96930175375026
2024-09-07,2024-09-07,86.11448002432634,57.71377245508982,47.97604790419162,65.11137724550898,32.68300752011602
2024-09-08,2024-09-08,76.14932956790766,42.94093178036606,37.71214642262895,45.62063227953411,34.06535245416168
2024-09-09,2024-09-09,75.42207961471782,42.83810188415911,37.0969993021633,45.05094207955339,34.25285046531533
2024-09-10,2024-09-10,93.0135599194807,44.67309875141884,38.02497162315551,46.45743473325766,30.67461652463465
2024-09-11,2024-09-11,86.78485082711285,38.68286099865047,33.91632928475034,39.39271255060729,31.80414361992346
2024-09-12,2024-09-12,94.42965925232438,22.3099173553719,20.71349862258953,21.30027548209366,28.90114524147727
2024-09-13,2024-09-13,90.09646306935925,19.95623342175066,18.27188328912467,19.35411140583554,30.08248893272339
2024-09-14,2024-09-14,78.84214397263179,17.28253305497564,15.75504523312457,17.14613778705637,33.104181150305
2024-09-15,2024-09-15,81.36304661693758,20.18776077885953,18.60570236439499,19.12100139082058,32.54097250141255
2024-09-16,2024-09-16,83.13722509662394,18.28102710413695,16.45435092724679,17.77032810271042,32.06076688544695
2024-09-17,2024-09-17,79.94651042522175,37.30223390275953,32.19316688567674,37.2299605781866,32.83459857634897
2024-09-18,2024-09-18,83.38903653419624,28.40127388535032,25.18188251946214,27.71549893842888,31.39512142892611
2024-09-19,2024-09-19,78.92884516275116,23.16927453769559,20.16571834992888,23.7275960170697,32.57561261759035
2024-09-20,2024-09-20,78.94575767910358,54.3930412371134,44.72551546391752,58.3569587628866,33.09100396854361
2024-09-21,2024-09-21,86.69597346608232,34.01026957637998,29.74326059050064,33.34403080872914,31.45566693013378
2024-09-22,2024-09-22,81.58707872284371,56.73022049286641,47.01426718547341,63.46692607003891,32.39851658446316
2024-09-24,2024-09-24,91.09050018108444,40.90728476821192,33.841059602649,42.98013245033113,30.11383541688224
2024-09-25,2024-09-25,87.01784006013119,48.52769679300292,40.567055393586,51.0131195335277,31.09478875429915
2024-09-26,2024-09-26,90.01653564821362,24.473604826546,21.42986425339366,25.54600301659125,30.10597332570348
2024-09-27,2024-09-27,92.48122595306626,34.83333333333334,30.95614035087719,34.38095238095238,29.76418516689673
2024-09-28,2024-09-28,85.78897679105718,40.6063829787234,34.93191489361702,40.41808510638298,31.8381396354513
2024-09-29,2024-09-29,84.3434915309999,42.5609756097561,36.00076219512195,44.48551829268293,32.94605697073587
2024-09-30,2024-09-30,91.2402702780331,23.32352941176471,21.11617647058824,21.90588235294118,30.51200014002183
2024-10-01,2024-10-01,85.3261577219203,25.9072463768116,23.30869565217391,26.59855072463768,32.0565941852072
2024-10-02,2024-10-02,89.26775455474854,54.80989583333334,47.10546875,62.07161458333334,30.57314276695251
2024-10-03,2024-10-03,84.02271975131245,39.36205648081101,34.55901520637219,40.96741491672701,32.83062381730574
2024-10-04,2024-10-04,95.22978656413828,46.91480996068152,39.44954128440367,47.76277850589777,30.03700786305599
2024-10-05,2024-10-05,87.87582182548415,27.91690140845071,25.05070422535211,26.70070422535211,31.48166452327245
2024-10-06,2024-10-06,90.79528936371467,17.71946964410328,16.2854152128402,16.90509420795534,30.7134735043533
2024-10-07,2024-10-07,84.5358722787395,27.67945643485212,24.11270983213429,27.96243005595523,32.07979636798374
2024-10-08,2024-10-08,80.78773226628013,44.08455625436758,37.3487071977638,46.71278825995807,33.2201406290946
2024-10-09,2024-10-09,89.95487980396823,57.47096317280453,47.32932011331444,64.33711048158641,31.63695813576155
2024-10-10,2024-10-10,80.83668990491547,43.70747330960854,37.76725978647687,45.17010676156583,32.89026986661755
2024-10-11,2024-10-11,90.7672000130571,40.70891364902507,34.92548746518106,40.75139275766017,31.14708669338386
2024-10-12,2024-10-12,90.02290210389255,24.17543859649123,21.98947368421053,23.2378947368421,31.04112484580592
2024-10-13,2024-10-13,88.22855093880389,13.73574408901252,12.74269819193324,13.06606397774687,31.53696688889463
2024-10-14,2024-10-14,90.02109575337926,6.192200557103064,5.825905292479109,5.825905292479109,31.50503866861526
2024-10-15,2024-10-15,84.27537446238023,16.86759581881533,15.30452961672474,16.33867595818815,32.47984095982143
2024-10-16,2024-10-16,82.69077516951651,24.01187980433263,21.40251572327044,23.24737945492662,32.30020711007109
2024-10-17,2024-10-17,83.47764681171438,39.13058659217877,34.8477653631285,44.76396648044692,33.00229248387853
2024-10-18,2024-10-18,83.83225039851366,25.4533426183844,22.73816155988858,25.11490250696379,32.47528224934442
2024-10-19,2024-10-19,82.49068714797538,30.21642310368824,27.02783576896312,29.60473208072373,31.74559718631753
2024-10-20,2024-10-20,80.64098153941381,28.83868665239115,25.75160599571734,27.85224839400428,32.88286686964668
2024-10-21,2024-10-21,74.80580690349329,24.79846582984658,22.64783821478382,23.51255230125523,34.73334084993625
2024-10-22,2024-10-22,73.77209752984734,36.30828114126653,31.84759916492693,38.27835768963118,35.27936198766147
2024-10-23,2024-10-23,72.8846378232853,43.57533286615277,37.58093903293623,49.17309039943938,35.20179582794981
2024-10-24,2024-10-24,71.92445254806826,32.1707492795389,27.85158501440922,32.4157060518732,35.69304562439493
2024-10-25,2024-10-25,76.58092538654181,38.07526132404181,33.02369337979094,39.97421602787456,34.42151942236498
2024-10-26,2024-10-26,76.15162087552375,48.6731843575419,42.99650837988827,55.02164804469274,34.00077159178323
2024-10-27,2024-10-27,75.02506907393293,49.34146341463415,43.17003484320558,57.31707317073171,34.32720479400316
2024-10-28,2024-10-28,70.95488012252659,48.47071129707113,42.46025104602511,54.26917712691771,35.09437976023143
2024-10-29,2024-10-29,70.01761583078058,40.26375176304654,34.71861777150917,43.63258110014105,35.50619816746463
2024-10-30,2024-10-30,77.23838314622724,25.19747899159664,22.34593837535014,24.78781512605042,33.45953099867877
2024-10-31,2024-10-31,77.12639750651962,35.36138613861386,31.01414427157001,35.64285714285715,33.54833298053229
2024-11-01,2024-11-01,83.44948624765406,32.57122905027933,28.54399441340782,34.64036312849162,31.96187749255303
2024-11-02,2024-11-02,81.04598638245393,14.80598052851182,13.72253129346314,13.92906815020862,33.3323707633622
2024-11-03,2024-11-03,85.98036477361691,36.31732776617954,31.32637439109255,38.09394572025052,32.07322409357059
2024-11-04,2024-11-04,78.70592556650139,23.43096234309623,21.07670850767085,25.67154811715481,33.64946210060836
2024-11-05,2024-11-05,84.66621457327548,32.16283924843424,27.49338900487126,33.97355601948504,32.05389544461117
2024-11-06,2024-11-06,85.26109161696398,23.20725750174459,21.23586880669923,22.77599441730635,31.64641758984648
2024-11-07,2024-11-07,83.16058586848499,18.26372832369942,16.47182080924856,17.42196531791907,32.20923584847063
2024-11-08,2024-11-08,91.84287839693864,17.66222570532915,15.50940438871473,17.6230407523511,29.83212344797683
2024-11-09,2024-11-09,84.26094405642668,30.91236749116608,26.9809187279152,31.00353356890459,32.22109305984982
2024-11-10,2024-11-10,86.17203018882059,13.9621698786581,12.63097787294789,13.42255531763026,31.52941465377808
2024-11-11,2024-11-11,86.21822776316934,18.52990264255911,16.77816411682893,18.10152990264256,32.37693330342979
2024-11-12,2024-11-12,79.7238835317646,24.91111111111111,22.33030303030303,26.19292929292929,34.15569830797389
2024-11-13,2024-11-13,89.29982907533902,38.54672395273899,32.90547798066595,39.48979591836735,32.3532733855775
2024-11-14,2024-11-14,88.21166482499348,32.66318719554628,28.18162839248434,33.30897703549061,31.99539789824993
2024-11-15,2024-11-15,88.79892748455669,41.40116279069768,35.45697674418604,41.33604651162791,31.94924358988917
2024-11-16,2024-11-16,87.8574344661686,42.74650349650349,36.60664335664335,44.52097902097902,32.39184746375451
2024-11-17,2024-11-17,94.0452479649257,22.2965034965035,20.08741258741259,21.08041958041958,30.61735652043269
2024-11-18,2024-11-18,87.71373347930802,9.382045929018789,8.589422407794014,8.611691022964509,31.65880748772671
2024-11-19,2024-11-19,92.80292720701766,26.06263048016702,23.13013221990257,25.39526791927627,30.4272123269099
2024-11-20,2024-11-20,89.34830836692672,25.26008344923505,22.5201668984701,24.03059805285118,31.53644163850617
2024-11-21,2024-11-21,88.95008503889837,26.27310924369748,23.10364145658263,24.81022408963586,31.86249099859671
2024-11-22,2024-11-22,95.01765767444893,18.05660377358491,16.58708272859216,16.97460087082728,30.28366553939133
2024-11-23,2024-11-23,89.18509171835741,15.26848528356066,14.25987078248385,14.30796841349605,31.92372888262462
2024-11-24,2024-11-24,91.13005170170564,22.88276397515528,20.6110248447205,21.65683229813665,31.06008636285059
2024-11-25,2024-11-25,92.94631522649182,41.90320334261838,36.03481894150418,45.75069637883009,30.90584518018495
2024-11-26,2024-11-26,91.19608009035753,30.25608907446068,26.44537230340988,29.05010438413361,31.26424514674941
2024-11-27,2024-11-27,89.44540835158429,9.50391459074733,8.81423487544484,8.832740213523131,31.18749897849111
2024-11-28,2024-11-28,93.93152118807627,11.60936408106219,10.77218728162124,11.68832983927324,30.23047078875261
2024-11-29,2024-11-29,88.6567987221836,10.26054774241303,9.358253145817912,9.415247964470762,31.34366774260583
2024-11-30,2024-11-30,95.44570563436832,19.85224839400428,17.70164168451106,18.95074946466809,30.05114602327857
2024-12-01,2024-12-01,85.4278076001979,19.79401530967293,17.25678496868476,19.72164231036882,32.46348339232124
2024-12-02,2024-12-02,83.6212583239032,14.87883008356546,13.27367688022284,14.54317548746518,32.66045594281805
2024-12-03,2024-12-03,88.18633671166259,44.87299371946965,38.6168876482903,49.57641311933008,31.6373798719088
2024-12-04,2024-12-04,86.65361895183197,37.09596662030598,32.71070931849791,38.46592489568846,31.98452223988667
2024-12-05,2024-12-05,80.22322375794307,26.3941504178273,23.68802228412256,24.63370473537605,31.93829677231133
2024-12-06,2024-12-06,75.10924866149476,36.90979020979021,31.67552447552448,37.4020979020979,33.05603966346154
2024-12-07,2024-12-07,78.23875119523645,22.12795549374131,19.76842837273992,21.27816411682893,33.20701100398502
2024-12-08,2024-12-08,76.52617684634328,23.52998605299861,20.54811715481172,22.10808926080892,33.53867981723163
2024-12-09,2024-12-09,75.99885286186499,23.71100278551532,20.96309192200557,24.15738161559889,34.12363773099067
2024-12-10,2024-12-10,83.65992026438543,19.61377870563674,17.41196938065414,18.56228253305498,31.69669388231505
2024-12-11,2024-12-11,82.97083362864184,26.91625959525471,23.44452198185624,25.89253314724354,32.67577571296559
2024-12-12,2024-12-12,83.91114130139516,17.27279053583855,15.55601948503827,17.09533750869868,32.14072470207373
2024-12-13,2024-12-13,88.12930861416594,10.61409630146546,9.79483600837404,9.839497557571528,31.43783941501524
2024-12-14,2024-12-14,85.07164077674112,17.66814650388457,16.21864594894562,16.64927857935627,32.65501540985277
2024-12-15,2024-12-15,79.50915661486951,28.25421245421245,24.43956043956044,28.02344322344322,33.93219798999829
2024-12-16,2024-12-16,80.36729505845717,26.41678321678322,23.39020979020979,25.16293706293706,34.16042621319111
2024-12-17,2024-12-17,82.0538941278577,12.4095966620306,11.30528511821975,11.45688456189152,33.29625454665225
2024-12-18,2024-12-18,90.02288563337831,18.77506963788301,17.01740947075209,17.84540389972145,31.25602105865904
2024-12-19,2024-12-19,92.04212975880456,10.02771699489424,9.315827862873816,9.36615609044493,30.42800903320312
2024-12-20,2024-12-20,89.71365209909969,11.13718662952646,10.23607242339833,10.3433147632312,30.94234394877838
2024-12-21,2024-12-21,90.38484768479252,16.53444676409186,15.10438413361169,15.35490605427975,31.01513123960236
2024-12-22,2024-12-22,86.86983006317415,15.25621007806955,13.805535841022,14.07594038325053,31.97944019930846
2024-12-23,2024-12-23,86.68153002267093,22.73903966597077,20.56715379262352,21.28253305497564,32.52704086781544
2024-12-24,2024-12-24,95.2929279749478,23.75156576200418,21.09533750869868,22.30619345859429,30.38303956607189
2024-12-25,2024-12-25,85.23670504684236,19.06894150417827,17.28481894150418,17.63649025069638,32.4120942862253
2024-12-26,2024-12-26,89.60521099874782,14.55261324041812,13.2404181184669,13.59442508710801,31.24103421201274
2024-12-27,2024-12-27,83.7216450308547,27.8756148981026,24.23260716795502,26.72522839072382,32.63728899764747
2024-12-28,2024-12-28,80.79758275261324,39.84320557491289,34.26620209059234,39.66689895470383,33.75609564698117
2024-12-29,2024-12-29,84.40072226209116,30.39874739039666,27.13987473903967,28.52748782185108,32.77103878013276
2024-12-30,2024-12-30,84.71749344880828,21.53127354935946,19.03692539562924,21.24943481537302,32.56393209628621
2024-12-31,2024-12-31,89.18407761395268,19.25,16.60724233983287,18.58635097493036,31.40857226664438
2025-01-01,2025-01-01,85.5843030999913,28.48712595685456,24.94084899095337,27.24495476687543,32.53763728450385
2025-01-02,2025-01-02,83.57757909337901,22.11033519553073,19.97555865921788,21.51396648044693,33.3134253730987
2025-01-03,2025-01-03,85.25099920594708,32.52649930264993,28.43444909344491,31.41283124128313,32.94943965129772
2025-01-04,2025-01-04,89.46639887137665,41.44289693593315,35.11211699164345,43.92061281337048,31.71221571048322
2025-01-05,2025-01-05,87.01749521572721,36.48851774530272,31.39665970772442,35.75574112734864,32.24963480843881
2025-01-06,2025-01-06,85.2779805203984,30.09052924791087,26.23676880222841,31.65529247910863,32.60020660209258
2025-01-07,2025-01-07,88.20012888314413,17.8232428670842,16.12804453723034,16.70772442588726,31.38347585913035
2025-01-08,2025-01-08,89.41909057362344,13.21507760532151,11.92017738359202,12.23872875092387,30.70812249233429
2025-01-09,2025-01-09,86.09436178095726,20.75878220140515,18.77127244340359,19.27166276346604,32.2149372324173
2025-01-10,2025-01-10,91.9462476078636,28.49478079331941,24.68336812804454,27.5080027835769,30.55966052730297
2025-01-11,2025-01-11,88.1957709039008,23.33286713286713,20.58391608391608,22.40699300699301,30.94205181415265
2025-01-12,2025-01-12,96.743200615588,17.98397212543554,16.19651567944251,16.52613240418118,28.60716200804644
2025-01-13,2025-01-13,99.68126414963731,10.08414464534075,9.191237830319889,9.191237830319889,28.36013380399257
2025-01-14,2025-01-14,93.86101167791811,20.53379790940767,18.08571428571429,19.73449477351916,29.53374223343587
2025-01-15,2025-01-15,95.2496949091077,16.79485396383867,15.12726008344923,15.73296244784423,29.74909160332819
2025-01-16,2025-01-16,94.28939872428454,29.60612386917188,25.73347251217815,28.40501043841336,30.12381280887102
2025-01-17,2025-01-17,98.38149210139936,19.45784996133024,17.50734725444702,18.08894044856922,29.14599354471795
2025-01-18,2025-01-18,98.94213903517952,10.9375,9.916666666666666,9.99702380952381,28.65630558558873
2025-01-19,2025-01-19,95.44994590509742,15.66991643454039,14.18871866295265,14.52646239554318,29.55218798930063
2025-01-20,2025-01-20,93.02870631632742,17.95400696864111,16.14703832752613,16.76933797909408,30.34090619495368
2025-01-21,2025-01-21,90.30609237044406,38.09533750869868,32.46346555323591,39.55671537926235,30.79784162358103
2025-01-22,2025-01-22,84.73887104144644,25.01620859760395,22.31007751937985,23.14446793516561,31.65238491324491
2025-01-23,2025-01-23,92.811275043554,53.33170731707317,43.68710801393728,57.04947735191637,30.34650849133003
2025-01-24,2025-01-24,85.78391139161882,41.70318021201413,34.78445229681979,42.00353356890459,31.95095361500663
2025-01-25,2025-01-25,89.8640242127655,17.28989547038328,15.61811846689895,16.01672473867596,31.29092521986257
2025-01-26,2025-01-26,94.13379315138695,15.88904396371249,14.69923237962317,14.72993719469644,30.45503412687271
2025-01-27,2025-01-27,89.72339139021182,17.56228253305498,16.0883785664579,16.22199025748086,31.64849840773421
2025-01-28,2025-01-28,93.29365920755043,8.697857142857142,7.902857142857143,7.950714285714286,30.14373715585856
2025-01-29,2025-01-29,98.2359862941458,11.77785515320334,10.58844011142061,10.63300835654596,28.0859438711019
2025-01-30,2025-01-30,89.40513947666652,22.57323055360897,20.26699369306237,20.65451997196917,30.00547434453289
2025-01-31,2025-01-31,87.1725763308977,49.00417536534447,42.10438413361169,57.15170494084899,30.49986646170407
2025-02-01,2025-02-01,83.22621869275558,20.46362339514979,18.03994293865906,19.13552068473609,31.33290154403186
2025-02-02,2025-02-02,82.60804497763971,30.36350974930362,26.41225626740947,29.25905292479109,32.43311953743852
2025-02-03,2025-02-03,84.22070176013277,34.26415094339622,29.71698113207547,33.13696715583508,32.72105538870053
2025-02-04,2025-02-04,79.27763002484559,43.785664578984,37.26304801670146,46.65831593597773,33.26451502662611
2025-02-05,2025-02-05,82.32604591709793,33.18117480537862,28.72611464968153,31.78060863411182,32.09465334622976
2025-02-06,2025-02-06,89.87504060515614,20.88239387613083,18.90187891440501,19.13013221990257,30.24286831594957
2025-02-07,2025-02-07,81.30027749744298,32.78412256267409,28.19986072423398,32.61142061281337,32.07627936658089
2025-02-08,2025-02-08,79.46903066827592,30.87543493389005,26.67849686847599,30.29993041057759,32.86666583417602
2025-02-09,2025-02-09,91.00768532925662,44.29805013927577,38.31058495821727,48.14972144846796,30.04546311572402
2025-02-10,2025-02-10,85.60877602355703,31.15299026425591,26.90542420027817,32.40681502086231,31.24108984341044
2025-02-11,2025-02-11,80.65873587349463,31.89592123769339,27.45288326300984,30.86708860759494,31.97840694636735
