timestamp,humidity,pm_2_5,pm_2_5_sp,temperature
2021-08-15,82.63375053949035,29.24242424242424,1.100546448087432,28.39210185584817
2021-08-16,87.84535330261156,19.43290548424737,1.100546448087432,26.64427803379375
2021-08-18,77.26129032258063,15.16304347826087,1.100546448087432,28.29689366786127
2021-08-19,78.80703125000011,7.994887927644514,1.100546448087432,27.96902343749978
2021-08-20,81.79079874706333,9.83273738577672,1.100546448087432,27.50324980422874
2021-08-21,84.59847715736062,11.27990525069088,1.100546448087432,26.85529090199165
2021-08-22,83.274956822108,11.97236842105263,1.100546448087432,27.40094991364425
2021-08-23,75.18957622990737,7.357037763609613,1.100546448087432,27.96078908913796
2021-08-24,75.86038102643893,7.19607072691552,1.100546448087432,28.42943234836722
2021-08-25,78.26721483554938,9.83498935415188,1.100546448087432,27.41301609517108
2021-08-26,74.61245661396052,7.374414976599064,1.100546448087432,27.90940994986495
2021-08-27,75.13501509271232,8.201567261645625,1.100546448087432,28.18171625700754
2021-08-28,77.92898550724635,5.432762836185819,1.100546448087432,27.73091787439614
2021-08-30,77.03909054646942,15.59541984732824,1.100546448087432,26.72018348623872
2021-09-05,70.52570545032874,9.81132075471698,1.100546448087432,26.68608426749159
2021-09-07,62.2941272430668,6.791666666666667,1.100546448087432,28.5845024469821
2021-09-11,88.32568448500652,9.027107474530826,1.100546448087432,26.67509778357252
2021-09-12,81.5153359683788,18.60679071879937,1.100546448087432,28.3573122529645
2021-09-13,81.22428330522735,9.588671317607416,1.100546448087432,27.99822934232711
2021-09-14,83.20181184668985,11.87141442538354,1.100546448087432,27.15902439024373
2021-09-15,79.89633233532919,11.31431120074907,1.100546448087432,28.21459580838328
2021-09-16,84.6891222805704,12.53483962621723,1.100546448087432,27.07359339834974
2021-09-17,83.12524127691168,27.90142700296738,1.100546448087432,28.05144766146979
2021-09-18,87.51982049364281,34.33434820627806,1.100546448087432,26.89887808526542
2021-09-19,77.48809523809524,21.82251161458328,1.100546448087432,28.55662202380964
2021-09-20,84.70756369426756,12.78047346337578,1.100546448087432,27.45812101910831
2021-09-21,78.80748502994015,7.340195709050112,1.100546448087432,27.74079341317364
2021-09-22,82.87531787584152,9.87680620328848,1.100546448087432,27.25160807778603
2021-09-23,80.67809452363082,11.39663450112529,1.100546448087432,28.06594148537148
2021-09-24,82.21171171171206,21.69604065168537,1.100546448087432,28.27154654654638
2021-09-25,80.27545816733081,29.79841968127488,1.100546448087432,28.80645418326694
2021-09-27,86.14134328358189,7.49349913104988,1.100546448087432,27.17776119402975
2021-09-28,84.8458889669709,4.106360624561404,1.100546448087432,27.55657062543927
2021-09-29,80.24088359046229,18.45804139985992,1.100546448087432,28.7270687237024
2021-09-30,84.74872180451139,16.83393072209738,1.100546448087432,27.90195488721781
2021-10-01,82.3751510574015,11.47869033609646,1.100546448087432,28.52764350453169
2021-10-02,78.44967897271263,10.73662189574981,1.100546448087432,28.41276083467114
2021-10-03,78.78059925093635,22.54036296407187,1.100546448087432,29.00337078651692
2021-10-04,83.78928571428594,14.31362460223048,1.100546448087432,28.37559523809499
2021-10-05,88.45100521221156,16.55180504089221,1.100546448087432,27.09672375279212
2021-10-06,84.8796918767508,14.5721522907058,1.100546448087432,27.05840336134477
2021-10-07,85.05498511904774,6.881659080357148,1.100546448087432,26.91034226190471
2021-10-08,86.19738924050642,4.736168082148499,1.100546448087432,26.75142405063309
2021-10-09,80.1866428571435,12.310388965,1.100546448087432,28.24507142857128
2021-10-10,73.69555722891553,10.28513613253011,1.100546448087432,29.14375000000013
2021-10-11,74.1497005988025,8.931216255796546,1.100546448087432,29.12133233532942
2021-10-12,69.45592747559279,16.63863514644352,1.100546448087432,30.05411436541122
2021-10-13,65.34925484351712,14.36458550595238,1.100546448087432,30.09083457526078
2021-10-14,65.75364387678448,8.421696689189186,1.100546448087432,30.0637866265968
2021-10-15,71.61888653981669,22.05538500705223,1.100546448087432,29.71571529245955
2021-10-16,73.48427362482376,20.14278837209302,1.100546448087432,30.0410437235543
2021-10-17,77.94106517168882,19.73289367203924,1.100546448087432,29.08556412053256
2021-10-18,85.97241106719375,6.528542503955694,1.100546448087432,27.40308300395263
2021-10-19,82.81686746987944,11.39471636596385,1.100546448087432,28.51310240963859
2021-10-20,87.26779661016948,2.640378212765957,1.100546448087432,27.9
2021-12-02,62.76185934426239,1.100546448087432,1.100546448087432,27.73195628415294
2021-12-03,62.3231899165508,3.198887343532684,3.198887343532684,27.62733657858134
2021-12-04,62.60416975425334,7.996219281663516,7.996219281663516,27.30232514177694
2021-12-10,62.09544210526316,19.52631578947368,19.52631578947368,26.79052631578947
2022-01-12,62.7513623817035,23.74348855564325,24.68769716088328,28.98571766561512
2022-01-13,60.98251911049341,21.59495444989489,23.22585128561501,28.35790826963167
2022-01-14,61.13995711297069,27.3186889818689,29.43793584379359,28.03771966527192
2022-01-15,59.13851990257484,28.82160278745645,32.31941544885177,28.36223382045928
2022-01-16,58.62333903966601,24.64295676429568,26.83785664578984,27.83168406402234
2022-01-17,61.10480097493031,21.79805013927577,23.20125348189415,28.25186629526463
2022-01-18,63.63274397212549,29.50348675034867,32.78815331010453,28.93241811846694
2022-01-20,63.04928959107811,31.84895833333333,36.68104089219331,29.04493680297393
2022-01-21,63.24714263782283,26.64195804195804,30.12212142358688,29.102693649686
2022-01-22,68.88721456445992,27.64011180992313,31.22299651567944,28.4319163763066
2022-01-23,67.63461377870564,28.90048712595685,32.65066109951287,28.76380654140573
2022-01-24,66.16839324041815,28.39121338912134,32.61463414634147,29.1275191637631
2022-01-25,64.45829206128136,28.32588974180042,31.44289693593315,29.38405988857935
2022-01-26,62.50209818941499,28.42887029288703,32.66504178272981,29.60939415041781
2022-02-02,61.78070202090592,28.23438596491228,32.32613240418119,29.5159860627177
2022-02-03,63.08797087108012,15.33031358885017,16.28222996515679,29.73056445993031
2022-02-04,66.11124658774358,22.55969101123596,25.48328690807799,29.06889275766022
2022-02-05,61.19571856245625,20.66201117318436,22.24284717376134,30.02194696441029
2022-02-06,60.95010815899588,13.93491952414276,14.98884239888424,29.56874476987449
2022-02-07,64.55620717270199,20.87534818941504,21.76114206128134,29.57766016713094
2022-02-08,65.69060725244074,20.97557571528262,21.74825662482566,29.69919107391911
2022-02-09,63.24668787456446,33.1864050455501,38.54076655052265,30.16886411149828
2022-02-10,73.14949700557118,28.89028651292802,32.61838440111421,28.4948816155989
2022-02-11,64.49306513249655,29.85953878406709,33.77266387726639,29.56642956764297
2022-02-12,73.20606114206134,28.41562064156206,31.5125348189415,27.87542479108635
2022-02-13,67.42303103207823,18.40655509065551,18.78172942817294,29.28500000000004
2022-02-14,68.07936408647136,22.47662247034194,23.74686192468619,28.75623430962347
2022-02-15,67.42245515239482,16.97234352256186,18.38388969521045,29.37992743105952
2022-02-16,78.49015034818935,15.18627450980392,17.16782729805014,27.52704735376048
2022-02-17,76.46395653685681,20.86856745479833,21.82267037552156,28.12586230876222
2022-02-19,79.25254326990844,15.14114326040932,15.7815362931642,27.01551092318533
2022-02-20,71.01656627565981,18.23093841642229,18.53445747800587,29.64885630498532
2022-02-21,69.49640000000001,15.06470588235294,15.27352941176471,29.32029411764706
2022-02-22,67.10393501936412,17.887026148494908,18.77473245565441,28.99430470985395
2022-02-23,63.25542750706995,11.649490555732044,11.79502840560564,29.79463882002852
2022-02-24,69.20605669664963,11.695013393093044,12.301907304240174,28.412089842541008
2022-02-25,75.77882265859763,9.761886354600891,9.782323179346523,26.658654180360674
2022-02-27,76.69525314397694,13.813291389725816,15.299712520678195,27.44633649102511
2022-02-28,75.08802684275167,11.836210389980694,12.19685684671927,27.693539029801045
2022-03-01,65.32304459145779,9.910043060637532,10.036443825441042,29.22791086350975
2022-03-02,64.60031958176923,11.353299186205208,11.44006390681678,29.78098333007632
2022-03-03,66.02408272314409,13.217658507476331,13.277024802740955,29.97928242659998
2022-03-04,65.5885738105465,12.057550297699636,12.20738083532162,30.05044947532468
2022-03-05,67.81533929264077,16.025997271900792,16.5788093821131,29.746421821414256
2022-03-06,70.94239697805733,23.48624605987732,25.06969597502673,29.174862839391377
2022-03-07,72.63031379986303,23.45782414169688,25.06406055687061,29.0324293923964
2022-03-08,67.56395973082442,22.62295739099808,24.46470635719385,29.90804394349496
2022-03-09,72.27161380326773,11.018912910250377,11.557347043837996,28.57640130077789
2022-03-10,67.17984368600978,14.582419804144156,14.741648737115415,29.732510314975684
2022-03-11,67.1464826868166,22.414598858732703,23.44454459996701,29.92393196326917
2022-03-14,67.8133061046467,23.093294304258205,24.57977808599168,29.88633722155387
2022-03-15,72.55739526919466,13.48981623515791,13.877467323114722,29.2682445512176
2022-03-16,68.23653873538368,16.847001035483604,17.456603215531004,28.88473441509945
2022-03-17,62.69692534763641,16.357754890772394,16.777797836681607,30.394788789781504
2022-03-18,64.68149584513922,18.18815875835744,19.378597972592114,30.19738778378753
2022-03-19,59.892815046154325,17.265825697722146,18.48673115860508,31.4452747247825
2022-03-20,73.04091275115499,14.773994050511709,15.6132125198021,28.85534535558754
2022-03-21,80.05305874944719,18.4930788555929,19.162588934085303,27.61948270243356
2022-03-22,63.8586463492578,12.589572607732546,13.18004300601801,30.94970166766231
2022-03-23,69.23116528339467,19.246783124228365,20.183797196792984,30.08924145794348
2022-03-24,68.26552890004423,15.54776634023744,15.96612936891198,29.852329433491565
2022-03-25,68.4958590513717,14.955050375810108,15.43717327321524,30.39921106241062
2022-03-26,61.730905415502754,21.74269701915692,26.1633293113651,31.384525998774656
2022-03-27,58.80011149660055,21.7300091888385,24.932405185403383,32.11325117427565
2022-03-28,58.80111260861778,23.521630881145533,26.57695098853214,31.458261154131662
2022-03-29,58.29594367198231,28.612416456758982,34.239773364655846,31.84458592146636
2022-03-30,63.99271379207,24.867983372231723,29.38486460026222,31.08230683650997
2022-03-31,64.5514789492513,18.512523133428424,20.755335376361,30.85326246212772
2022-04-01,65.7015173309644,27.862346902761736,32.03421549289674,30.130614958144868
2022-04-02,62.748222417082935,27.473613617572365,31.1833245364574,30.595299904776383
2022-04-03,79.89919092812279,17.12666200139958,18.66852756454989,27.65344033496157
2022-04-04,70.99681423297406,9.862882496812617,10.945577067203455,28.8423459369875
2022-04-05,76.87638399757763,5.969373451975108,6.042836879436379,27.79743923675488
2022-04-06,75.09971303923314,9.102600791186465,9.238040467583682,28.74614898224125
2022-04-07,78.57050773500515,15.2789421667376,16.807524798085627,28.105148502290408
2022-04-08,70.19675705581945,17.272807058771424,19.124863769076665,29.71781127583841
2022-04-09,72.95614191459985,22.282831276256363,25.141588958733465,28.912447606480203
2022-04-10,68.24420703342616,23.477715877437326,26.45543175487465,29.673196378830063
2022-04-11,60.7184693445686,26.612516997842093,29.17540901360215,30.511571854251905
2022-04-12,61.874321201508735,31.724409039843643,35.4254682281968,30.21456312101004
2022-04-13,72.62838280026749,35.19121734296832,39.82267926625903,29.51708978068039
2022-04-15,72.96186699537182,32.21649404761905,36.37339880952381,29.27072494986401
2022-04-16,69.40270664233456,29.80011233900209,32.16025425659877,29.900437832179605
2022-04-17,66.21436625212003,32.16729570637119,35.32074292089874,30.427106586384483
2022-04-18,61.21424918151496,29.72741652081619,34.08899272125248,31.3486267418468
2022-04-19,62.07944394673049,29.01163357107996,31.00422408884056,31.512284603570475
2022-04-20,69.81214482968413,22.30474981913767,24.449801479049853,30.176348735076704
2022-04-21,70.52000596401156,22.07193671587148,24.13743593602739,29.88264507241495
2022-04-22,66.55462224207587,15.158395660920736,15.876483409356217,31.022704817481383
2022-04-23,63.98090718684299,12.557200034566684,13.07741168014781,31.4513049622254
2022-04-24,63.87133594007049,16.38200272041112,16.888702912295596,31.64515628571869
2022-04-25,61.84752649931285,15.217238562123049,16.87175308100337,32.235990470463946
2022-04-26,62.21554458506832,20.311117845131022,23.838528750951355,31.564749518136324
2022-04-27,64.92625169815611,23.99757937213353,26.63770328947909,30.924763509637
2022-04-28,61.74289564024544,19.278370851003576,20.571671734810472,32.13497545441093
2022-04-30,66.80535297689713,23.522422462568738,26.861905113993853,30.56549933468939
2022-05-01,69.4817570754502,25.08599993335873,27.45600656512056,29.90706345102912
2022-05-02,74.47288771070033,22.562831151375764,23.99813299861848,29.25539844397364
2022-05-03,77.24350931202726,19.044397642817064,20.239194795970626,28.7844900729838
2022-05-04,72.49982199170263,12.705604145868056,13.907369952975074,29.85381317438693
2022-05-05,72.32675590631835,17.68051361551587,18.24733889799504,29.980116241750228
2022-05-06,73.84337721238643,16.52373164486177,17.334543605760594,29.872858493423927
2022-05-07,75.33791596119374,23.587325522231364,25.781687296953063,29.363168900332187
2022-05-08,72.59271033961912,22.010188002701906,24.40708007678408,30.28968192642704
2022-05-09,73.2394262343876,15.953596660546022,16.59378518520075,30.12479663973533
2022-05-10,74.36208263799088,10.460454992136416,10.583732831510485,29.83018513841824
2022-05-11,70.60430242394415,20.37705617672605,21.25156853495562,30.666812080384005
2022-05-12,76.97199221395223,20.05968085639084,20.98328876105608,29.104774701605525
2022-05-13,62.20282919978917,20.34159663092405,21.57072795693828,31.58927945903805
2022-05-14,64.85457239012385,19.67369100411934,21.01784802803663,31.59641150029828
2022-05-15,65.58606322386844,15.120411482661185,15.483843212365333,31.66311404993304
2022-05-16,65.79315256702117,12.065990368183543,12.238596281200383,31.62223676823271
2022-05-17,70.0895371361831,12.08765922005237,13.334587083230009,29.426323946861697
2022-05-18,70.83314991830143,8.594349497388157,9.254567359744131,30.210753087517087
2022-05-19,71.44473663996689,19.91469745715268,21.318507378285027,30.301449351148875
2022-05-20,60.83749208353469,13.009546133806808,13.960319402778111,31.834073180886712
2022-05-21,68.31273303853479,11.686023992547112,12.344212063434917,30.383358406775297
2022-05-22,67.06628733467032,14.744445181254846,15.7317915734326,30.4864868335886
2022-05-23,60.17683426708415,9.029168049740418,9.245297482151257,31.88725182684972
2022-05-24,59.53942699398067,12.529765792521024,12.788905820213344,31.90164476262097
2022-05-25,60.38549930788214,14.92410088170234,15.679748309703117,32.262644232931066
2022-05-26,61.403605667933554,11.983490590078803,12.324734765508708,30.989364543411643
2022-05-27,57.9258745409821,8.886815905172988,9.414292346130123,32.23857031760785
2022-05-28,58.58285955133068,10.088844311353704,10.418318563123355,31.97038915927215
2022-05-29,64.94887746367046,9.768482274076668,10.05547271646401,30.04033572237969
2022-05-30,70.17086329746269,11.711962903100597,13.037002629109478,28.94910492696069
2022-05-31,66.99458425496387,11.821762310728724,12.25993329553497,29.91417297688476
2022-06-01,60.95082566038457,8.946519182364606,9.301285129532396,31.37714702257432
2022-06-02,61.30483009352252,8.920522432563944,9.131454799480988,31.44512152535508
2022-06-03,57.78739982517001,9.202983321485124,9.496477010747745,31.898018158501344
2022-06-04,60.38039206131295,13.187372901459062,13.924455247171474,32.103827704892204
2022-06-05,64.01966044642974,12.259609926425073,13.76945667818222,30.85115937314277
2022-06-06,64.67998326710897,11.46348820561092,11.883705761438437,30.445036974275656
2022-06-07,66.2925972516927,17.93781790398454,20.178240668079205,30.380432092903902
2022-06-08,62.697452124794246,19.74279212166582,21.95570747123889,31.33965741164982
2022-06-09,71.78806861132897,14.721753472287698,15.491332188375903,29.20627168557912
2022-06-10,70.30036112322915,15.518559178196222,16.832092006462624,30.134503137304257
2022-06-11,68.83053675804871,12.29313724323022,12.806678912881656,29.999638785567523
2022-06-12,68.85483435983242,10.922608951267106,11.387751822510916,29.62341903871404
2022-06-13,68.68840166454073,15.71883459451342,16.482663498815523,30.032768733198363
2022-06-14,66.04207627616526,13.946353056113912,15.14114068938378,30.86040121939767
2022-06-15,68.67588116095929,17.732696197422275,18.92811462254645,30.24194281138347
2022-06-16,69.54373291394576,25.683377170408946,28.017302570232328,30.182547876747623
2022-06-17,67.05772588565091,18.10168392293805,18.73770409233485,30.734687364578928
2022-06-18,72.00970854931927,26.03561537940588,30.041130912765805,29.375032529745617
2022-06-19,69.63253399673597,21.545991662121736,23.79572639876796,29.82968933760251
2022-06-20,66.91579956094377,14.82162522499387,16.058123652911476,30.30540279148357
2022-06-21,71.60527956479116,16.004199239106832,16.851075616077697,29.568008684510705
2022-06-22,69.05883541222332,12.334290157824933,13.153222183084685,30.91560160965292
2022-06-23,66.88113908014847,10.996077672015922,12.037378438421795,31.24837092952816
2022-06-24,70.78956186601555,13.172255744480475,13.88311543046745,29.55876989282918
2022-06-25,63.622074010557306,12.5856249193192,13.46220841202308,30.873431785451626
2022-06-26,63.63804432790083,18.11115371970522,19.58289762402596,31.886437717433004
2022-06-27,67.94341952796339,17.13273364851617,18.25319043285644,31.201132681190604
2022-06-28,70.319911204179,25.227375896564723,28.68070862075106,30.87950506140413
2022-06-29,66.19477467123443,21.04039094749188,22.099432078602018,31.690563038543377
2022-06-30,63.11596940984191,10.754001461673411,11.108202332664632,32.06209725070163
2022-07-01,69.71159012911286,15.347872913557058,17.723248036168766,29.41383615647645
2022-07-02,72.28848372259063,24.07561829906931,28.639599054908903,29.40675600886621
2022-07-03,63.54889440428806,19.727827182832208,20.668407405303928,30.95835787340376
2022-07-04,69.86292197564059,27.708063318692947,32.33020429937438,30.39239283787643
2022-07-05,76.13396616767831,17.994721503241752,19.976822585524413,27.76652466283006
2022-07-06,66.11457877265205,13.175129482889554,13.5081976456893,30.323561183700303
2022-07-07,70.17824743966517,16.886123627523258,17.92810948040912,29.979190368829453
2022-07-08,67.00339314744294,25.27612535122018,29.769291006511203,31.102364640993496
2022-07-09,66.03036831827994,22.66503728335353,24.857916861474703,30.768073099196272
2022-07-10,64.02155988079815,19.92234725758194,20.857063798471337,31.34614626221361
2022-07-11,66.35093789308361,10.653109361577018,10.82573605239047,31.539024148474432
2022-07-12,65.0043685310404,10.225134890532756,10.480952329613356,30.34050061389744
2022-07-13,66.87838980564898,10.050831161648077,10.88306455379379,29.22277549194279
2022-07-14,64.25073485277933,11.551908355018565,11.888868037905995,30.76840906189033
2022-07-15,63.057295039577205,17.309377418073435,20.59746979576096,31.13177760285567
2022-07-16,62.685905345013886,17.811464298458784,20.81543368710576,31.12747689157032
2022-07-17,66.79388479846565,22.803011909727548,25.64121101869324,30.60263308167956
2022-07-18,69.53882977974168,26.26324233337286,29.47899175884284,30.279908992569062
2022-07-19,65.69778325433678,26.835752196758246,28.90554414922684,30.89061758678273
2022-07-20,62.47302184317903,19.81469247946264,21.881269546281057,30.408883600848625
2022-07-21,63.387852989660765,15.401461162206123,16.96100627558839,30.6118547648054
2022-07-22,68.40347439929612,14.47397116787865,14.84596674045845,30.39986373572433
2022-07-23,67.6755037366688,19.27868713869369,21.09588860404276,30.70609102116592
2022-07-24,66.36545306426927,20.788008264672936,22.226719588841195,30.86361051002707
2022-07-25,67.07406564390683,15.769418269223484,16.433504301961772,30.49367210486186
2022-07-26,67.24778112688003,19.52007859366603,22.092282941941715,30.861019555608824
2022-07-27,68.28512763040104,16.839751268286047,18.48085573911405,30.20102025076848
2022-07-28,67.37847120360088,20.475478917791893,21.522104125697727,31.41329836016341
2022-07-29,70.22950982461542,24.34893689931707,26.520891746778,29.95714233822574
2022-07-30,63.54964229595743,26.753181244214915,29.443291060624244,31.179132792899
2022-07-31,70.26042067423866,16.33213460852618,17.268087500815287,29.910317315417835
2022-08-01,66.37240991358415,12.691595823595073,12.839762951988774,31.09252521378164
2022-08-02,69.87647482970281,9.149773755089582,9.448262976918494,29.10722053984649
2022-08-03,74.15527937474491,16.336965201397394,17.05893028355839,29.04832844886212
2022-08-04,71.39946755225934,18.41853507653792,19.45951999294951,29.40341165799364
2022-08-05,71.28838154281333,25.12652594421938,28.74804693315195,29.889318184008687
2022-08-06,59.91007202209914,17.553886472398265,20.38199095473024,31.03834202825992
2022-08-07,68.56791893224724,13.819554197132662,15.193810841291722,29.07741344863878
2022-08-08,63.10797150972066,29.587176049136872,34.06256792730853,31.097063792653163
2022-08-10,61.94081376984628,22.84365699632093,25.979758294212623,31.22169263585916
2022-08-11,58.92424387071284,13.789835209348816,14.462382213831187,32.59720819463226
2022-08-12,59.11578166764644,27.109972907153097,30.10328953039524,31.78313231927388
2022-08-13,66.37510626637827,28.72218163247484,31.99066267913997,30.345680561676648
2022-08-14,59.78561600678234,21.333732364252263,22.85876317425716,31.111779265496622
2022-08-15,59.900922762861775,20.71063934214187,22.47063578778854,32.39321350451061
2022-08-16,60.42169984650682,15.6815622529125,16.102332122639428,31.75698589521436
2022-08-17,66.98729818915183,12.756368637132402,13.10679432152476,29.4609641590148
2022-08-18,62.920179643207575,10.51997094689973,10.830582409725602,30.84852870132162
2022-08-19,65.19284478993158,20.396901896359903,23.70454587170869,30.72458233591723
2022-08-20,64.17771860775092,19.283550592179623,21.33879264580509,30.59231318362116
2022-08-21,60.15029265606328,11.028964028553595,11.375773837037338,32.08262546004976
2022-08-22,65.21962926643292,8.555474088151371,9.105393990097957,29.3382200750099
2022-08-23,59.10586283514139,10.673708663283774,11.077281908608407,30.834302446772245
2022-08-24,69.96549431161483,11.739973061890026,11.972109417650298,29.35622462172409
2022-08-25,62.84454371239061,13.95022113258266,14.90049378850515,31.064021189941265
2022-08-26,64.57483318336733,14.239257378019753,16.04974736586764,30.72890244645809
2022-08-27,63.33110056360669,11.265882929651395,11.688621911437837,30.63303875419549
2022-08-28,70.8774935296865,13.58944433334922,14.585369143541874,28.92979022886113
2022-08-29,66.70284040601088,12.435869996735091,13.51893179155388,30.38552318093428
2022-08-30,72.72523330961734,22.80910847115645,25.30137575069253,29.21941292118945
2022-08-31,70.84046540149795,19.64213412659696,21.52154436255976,30.10863291951848
2022-09-01,69.21593016214462,17.881377796765385,18.702063255393217,30.09549203228868
2022-09-02,72.70594155146979,20.811806032003226,22.531694456321382,29.24205829478409
2022-09-03,64.71291450041342,10.141575939302273,10.502462823959013,30.577709676015083
2022-09-04,63.188254036981576,5.888906266055892,5.945170344950009,30.680773110677663
2022-09-05,59.704778047054525,12.742831326336946,13.512457031633687,30.924723307816446
2022-09-06,65.07996735537556,13.915762599592702,14.295479287577468,30.53316781617783
2022-09-07,69.18020158845695,11.51207320252094,11.661318402537484,29.42938594586189
2022-09-08,64.86693412685264,6.460101133992306,6.519874367141879,30.17400764597741
2022-09-09,67.34095490387199,13.974743076811858,14.381019334978918,29.656727353455363
2022-09-10,64.65832361433355,17.825259776613176,19.097278164482265,30.8719527620707
2022-09-11,63.86367447232078,17.839923822287464,18.985068519406013,30.70448976486037
2022-09-12,70.95720027206565,20.504047170537792,22.09555002259298,28.625243170007888
2022-09-13,70.50225782875962,19.20671293048179,20.051828408246028,29.00460381226629
2022-09-14,67.07653476596582,16.679500235764518,17.558775121020847,29.87120856329404
2022-09-15,63.04235911293539,16.79534118844373,19.03062612065052,30.214858098444733
2022-09-16,60.051040132421925,15.339819796420471,16.00443789872326,30.58629376894497
2022-09-17,67.0074349973303,15.85628259707694,16.482264021190392,29.83390573685503
2022-09-18,59.85298215891378,13.579862157660129,13.878891049945016,30.62778868708375
2022-09-19,63.14950748269113,12.467689959460644,12.891558875412434,30.563561739526744
2022-09-20,57.589365617561214,13.198595427751387,13.691320439224642,32.40410634487864
2022-09-21,66.90106824414542,19.69799614937788,21.69339557226005,29.49841191814536
2022-09-22,66.99483734626241,18.818925921277472,21.137889235718205,30.0034171610812
2022-09-23,66.02742603351977,15.01199119737768,16.10344171965017,28.904495518745883
2022-09-24,68.5770935800652,16.220522311125517,17.58852311304629,29.286313151924013
2022-09-25,64.35905103276673,15.5151535905803,17.265932021163643,30.049567910101977
2022-09-26,66.31664098557725,16.746713034330412,18.741049595432305,30.28381723958633
2022-09-27,60.32068957018228,17.64005001434889,18.130321707720555,32.260484989083096
2022-09-28,70.21650568469961,17.665909125436578,18.495490126629484,29.533137828802232
2022-09-29,76.88953237054275,9.350719176024304,9.524388025032104,28.33284062108539
2022-09-30,77.5798814343993,9.29946172921132,9.61483086637748,28.086234465574023
2022-10-01,76.13110122126479,9.163526023272206,9.989997498113778,28.19703626262073
2022-10-02,67.28186049988015,9.260110140725033,9.30280300941285,29.7328999848698
2022-10-03,71.1538549822087,9.213089235003917,9.356135806981175,29.98171313912991
2022-10-04,77.50648573865227,14.411841165932389,14.99738403903206,28.616994649237995
2022-10-05,69.1291102423308,7.359033787963639,8.171563269237952,30.3710171177843
2022-10-06,75.7754486021526,12.061389680515854,12.702036440200835,28.45918609314546
2022-10-07,73.45972190215694,14.388264066206975,15.928753190554856,28.64603223172874
2022-10-08,79.40341420480529,14.03150609174864,14.656073311360538,26.97173059880877
2022-10-09,71.92416272172318,18.737862904935035,20.795578656927937,28.94515931339289
2022-10-10,81.50079032757034,16.219914738974175,16.67074221210408,26.94001928199163
2022-10-11,79.73575044255661,12.40175020272462,12.984266088737623,26.89476162805548
2022-10-12,74.53642430003066,12.78761413574425,14.453785057603548,28.31480288257136
2022-10-13,72.42010399015417,10.554340766749768,11.246077516041826,27.947583174194367
2022-10-14,73.79568431548337,19.56849815786144,21.41520446114964,27.907197709041075
2022-10-15,70.85064276292401,14.367095756079545,15.022838850262255,28.63200878075994
2022-10-16,73.69520908472347,8.370298299852049,8.664109652115625,28.29369927953633
2022-10-17,79.63143845154369,11.999153103321484,12.70842902454824,26.84028028240801
2022-10-18,73.60592341499155,9.518079907892098,9.733410770195762,28.34509234832413
2022-10-20,80.0622140839543,10.296810196178036,10.526401275222316,26.83302823196418
2022-10-21,80.80130523692378,12.979827509326626,13.67556608307687,27.48027886782348
2022-10-22,69.63528321296711,9.48885825088891,9.656856985321534,29.672012400511058
2022-10-23,77.51101570770656,7.417392848796147,7.648576665027014,27.564008772550583
2022-10-24,73.08148021350829,6.470555815783887,6.541600263342104,27.91623426641593
2022-10-25,79.88501148257672,14.848881696347815,15.40566580187547,27.58627464329571
2022-10-26,73.94530074309799,12.580081816302908,13.079476820702643,28.944146450980224
2022-10-27,72.44733797121626,18.957334863251155,20.532701243616103,27.406335624767628
2022-10-28,71.3347125883619,26.780805595651128,30.16406658821529,28.494534308257688
2022-10-29,82.53012834656424,14.269099627316804,15.668721502070415,27.09427624248206
2022-10-30,74.61383169603039,6.968248276288802,7.033341202442441,28.220837946599563
2022-10-31,71.86092287714592,7.896197716700112,7.92978848910364,28.281549054182765
2022-11-01,75.83218204852105,19.525555420955342,20.66980877249263,27.3566240085299
2022-11-02,70.8098115492059,26.93385841856812,29.09358327927463,28.34898207247045
2022-11-03,71.57214092667537,25.249053918688915,27.707362771681268,28.17472040775656
2022-11-04,73.6078545596363,23.422166446022203,25.636831205167915,28.16101680024397
2022-11-05,78.09058637316602,12.17685077416533,13.140085672187984,27.22148307566925
2022-11-06,80.01927664753016,10.78603834992134,10.917499724384426,27.145967901003587
2022-11-07,79.2451101010361,13.835151088473182,14.503379008222812,27.26857084077368
2022-11-08,75.52496733884902,15.384777469674018,15.995641592208914,28.19893521793532
2022-11-09,69.46523305834323,14.815994979785982,15.70112571783728,29.357742110801528
2022-11-10,74.63117476829778,18.93010058742657,19.55721348492344,28.86293816823568
2022-11-11,78.83336682597205,16.91614295328143,17.331294434721883,27.447298573499133
2022-11-12,84.04782592860975,12.65188761848094,13.92722674211192,27.273218976466747
2022-11-13,75.5520252266602,9.760890323873053,10.936219482584692,29.04422222743416
2022-11-14,79.11259325349512,9.649805407402742,10.161012514273136,28.43695205042084
2022-11-15,82.94961401408246,7.975149168180576,8.250389571076697,27.793047634585275
2022-11-16,80.78265882527056,13.981418577282064,14.409697550884486,28.060208560844696
2022-11-17,77.27596005843206,11.960338070264918,12.208707225199324,29.108013587862235
2022-11-18,76.52285396594222,15.136207377192603,15.726279859160591,29.088175202120027
2022-11-19,76.67020617890208,9.15931004379128,9.35135018749262,28.168562714721343
2022-11-20,75.96904471952972,11.909079617314248,12.635736416445772,28.265028883108148
2022-11-21,78.31202404200654,20.453377953165976,22.20717230696258,28.52810316790088
2022-11-22,73.06343318070763,18.16034207873789,19.508625206606304,29.43556774367589
2022-11-23,74.29535412510121,11.267836325860872,11.62048548644414,28.46200107544304
2022-11-24,77.33144441062593,16.592345872506584,17.005928383777583,28.290152540787563
2022-11-25,73.40009941422356,14.049126964739182,14.84984364731084,28.764142741057903
2022-11-26,74.43639905776914,18.52677829479616,19.41094683034852,29.31228271199898
2022-11-27,74.92108987870257,18.53825424588283,19.819603129818084,29.058096871757744
2022-11-28,73.1129503969588,18.701683493111336,19.56440952496208,29.113836494434704
2022-11-29,71.46933098266467,14.951932230819509,15.354366881868836,30.081394281815875
2022-11-30,71.29273092274417,15.393427757849665,16.49876715708908,29.834831716797822
2022-12-01,69.92920813202974,12.444234758247472,13.10656583990379,30.82352701425697
2022-12-02,77.148614384346,11.603868084423208,12.041149227610203,28.98701499841335
2022-12-03,81.06041279595323,11.010685206528995,11.39302205039339,28.459937809680333
2022-12-04,85.70671285675049,8.06976900862732,8.212371802121524,27.536998493215133
2022-12-05,83.53228662668738,6.870572122168095,6.973279065703438,27.857653479752987
2022-12-06,83.6961482718191,13.773334455349923,13.976718977466582,27.901849174456625
2022-12-07,75.67477463613857,8.60447986702497,8.78973364674758,30.341766419240468
2022-12-08,74.79872132049334,5.942031942150745,6.032221268725707,30.604798078586256
2022-12-09,86.94992154261412,7.118242247533317,7.396555502645671,27.002758566962463
2022-12-10,87.16970572467947,16.939873260835842,17.841294617326305,26.923178852307363
2022-12-11,85.06581904627767,13.824716734774618,13.9968668942493,27.584815565189576
2022-12-12,82.78506465250028,16.123317741841667,17.226592507245964,28.25025322339646
2022-12-13,82.0734615074581,14.221837948556166,14.409625175732506,28.624935091636683
2022-12-14,79.46330901098091,19.52065010255978,19.8373455645401,28.216881360320663
2022-12-15,74.16939861851026,17.698023779707533,17.994304748504735,29.685799627544103
2022-12-16,75.48060460886332,16.340052173938496,16.885536993768543,29.71757405528795
2022-12-17,73.49755978171093,13.598221641252318,13.974577604681985,29.979716285705617
2022-12-18,83.51096068595173,8.688228130434416,9.55845515329727,27.65877755956862
2022-12-20,82.70370436296389,6.0454234958842425,6.134496156176966,26.83539167947936
2022-12-21,80.59852269352125,19.250027405164627,20.60183748528548,27.941480032277774
2022-12-22,78.78116220120604,28.35697728026628,31.40953995615988,28.14283041324597
2022-12-23,72.09033413170017,28.97718568893705,33.221656262588695,29.515201999748445
2022-12-24,73.2745950175654,18.965262146041272,20.498224444328788,29.830050561668063
2022-12-25,69.70402236926223,18.95403918605956,20.18943168040301,29.61079643890405
2022-12-26,66.65088394080986,14.921817343403353,15.358525813682064,29.36076320855761
2022-12-27,68.71063878162317,19.170479859342542,20.50551688164327,29.257276603515347
2022-12-28,65.8833430870367,25.659224568094885,29.68235372683671,29.25466320301806
2022-12-29,63.29998594789122,24.828829902679207,29.398615053215764,29.333516151964897
2022-12-30,64.3175879646686,22.5356636906267,25.17502098160755,29.260456077640267
2022-12-31,64.83823735330871,22.042752632159942,23.76147575764768,29.450697830051432
2023-01-01,73.05530193129286,22.08577868412808,26.33897568755758,29.627805034607285
2023-01-02,67.26670651319691,25.44456767706135,27.913206957616712,29.548796303762888
2023-01-03,69.52000337399464,23.046384548917395,24.44025680161088,29.70122110334525
2023-01-04,70.18833498167832,14.848042987786176,15.684662994558176,29.7016534737706
2023-01-05,74.46000076765124,16.673254546298267,17.803888859835663,28.54468970656909
2023-01-06,71.60160899947269,22.231089250292307,24.338971961949543,29.69451456625995
2023-01-07,75.70929980795295,9.941203737681226,10.709092861262482,27.55361293945458
2023-01-08,83.42599746060442,8.813742137431833,9.085747996304072,27.048029206659766
2023-01-09,82.0481523525075,10.986950814767368,12.124652115081028,28.328678920910587
2023-01-10,71.1965813655651,12.297559323425006,12.486452929456751,28.8131921536224
2023-01-11,71.7935535446514,12.393414530775622,12.578958996987163,28.966725049849945
2023-01-12,67.98244616655154,18.44174302133375,19.24826613369536,30.324305283505343
2023-01-13,72.18415201734965,14.701618946073694,15.639355432535908,30.554313215275226
2023-01-14,70.08312659719887,16.459994621883883,18.31278310062548,30.30694101404051
2023-01-15,70.23199274701896,17.693196061878325,19.69039058805722,30.83042098964542
2023-01-16,70.05971201143987,19.561594994974936,20.908451535177203,30.855519180903027
2023-01-17,68.99484216991773,17.86457302419924,19.531743060807607,29.618291348479847
2023-01-18,67.44862075152218,15.352985607512489,16.491401915526936,30.25335611432653
2023-01-19,66.56160834137053,11.184216848126423,11.385586100862056,29.47412171886573
2023-01-20,71.86511636155049,20.4316401469355,21.41644323302852,29.670454439676337
2023-01-21,77.0452055980491,25.110827508070184,28.084514000377897,27.9382068752715
2023-01-22,69.70480152053203,23.56557756821935,26.0027642638678,28.94357222622633
2023-01-23,68.41286824044747,8.020940113250923,8.121909107907191,30.568449202564505
2023-01-24,67.84645757181909,5.88522698549657,5.92840091733752,30.20410244838448
2023-01-25,68.57630291484233,6.695082375522529,6.722643243164995,30.137689837234564
2023-01-26,75.83024962208644,9.796806165263469,10.152164859760529,28.41879273853425
2023-01-27,68.89734203026183,22.788424508104995,25.658410601956792,29.85939671743033
2023-01-28,70.33247423847128,17.093475736122375,18.55551937127632,29.13431970672541
2023-01-29,79.47428115457731,12.680931221641638,13.430898775012668,28.10905024240824
2023-01-30,79.66288855747051,13.1809372407869,13.802260708509062,27.29771741029928
2023-01-31,75.0603852398661,20.95520852816873,24.54916231145833,27.488143044659264
2023-02-01,71.26728279474206,20.685379624835058,22.70426361543216,28.7177447022024
2023-02-02,67.10540119692867,21.869638800601425,23.787505914972883,30.09342138761941
2023-02-03,70.46036331351851,16.21650412709006,16.905206475175444,29.296522613786347
2023-02-04,79.89705962261674,8.03378708055618,8.251020115259765,28.0599246396931
2023-02-05,74.64921522212538,9.28819707948476,9.39788268993023,29.938964222510183
2023-02-06,72.39684729912055,7.383288532232659,7.674224656578702,30.30929280104681
2023-02-07,72.25918871251216,8.664721684242998,8.932660125306173,30.523560689922984
2023-02-08,70.74055508664608,15.74534024539198,16.138003577188215,30.41995447002731
2023-02-09,72.34411321183508,11.799000022241342,12.273957832070222,30.311129273801303
2023-02-10,72.24888979192704,13.139468598593083,13.343435158559185,29.809638713331253
2023-02-11,71.70298247995737,11.46761920083483,11.639161444466213,31.01555772213013
2023-02-12,71.04130881611651,8.981250260144304,9.15716984528425,30.684956039360763
2023-02-13,70.64434397582046,15.68461475571237,16.63601191568114,30.185151428698045
2023-02-14,66.38133502143741,15.52972716931536,16.434189090723414,30.460042458043777
2023-02-15,70.73220813624822,16.788824103855074,18.214465866336248,30.15028520016634
2023-02-16,68.75049616859397,7.467981926728229,7.938038180642226,30.22522752522588
2023-02-17,70.59309558977267,8.402187613349088,8.563803950673012,29.756373532450613
2023-02-18,70.00601743122327,10.077434209109333,10.185033595386914,30.379063713206985
2023-02-19,70.98006944292398,11.623160520607,12.429000494516574,30.314887495276786
2023-02-20,74.05274417623265,14.648232001289022,15.716509649947564,29.71386411860193
2023-02-21,70.56494017891181,14.660266299667157,15.600491009795135,30.916072111400496
2023-02-22,70.49511158918808,13.574822598670911,13.97949991225724,30.72828400195733
2023-02-23,70.22936851072309,15.483568028437464,16.25002807241647,30.21475334111353
2023-02-24,59.2605034306813,14.8307761441654,15.31555574253708,30.91144871567508
2023-02-25,63.72555360335301,15.905792510733644,16.124016040629648,31.36958149003188
2023-02-26,70.23911199403912,21.02034413672852,22.457381600290727,30.243191773582065
2023-02-27,68.75645224261588,27.55724514286699,31.18720090234116,29.61480748205929
2023-02-28,75.54985496305348,23.78859512129866,27.37897233404552,29.644236370591035
2023-03-02,83.39121999739613,19.19505733339318,21.65871015210353,28.31267458122576
2023-03-03,71.89613787240167,6.876151955254026,6.917572625957466,30.18775947407008
2023-03-04,67.32332453531252,8.959234517774282,9.000642832928676,30.77637386287496
2023-03-05,67.85768192781953,16.2172591636826,16.498996927361677,29.524075604389783
2023-03-06,63.13746279402062,18.864026750596874,19.569218293937453,29.88798251675283
2023-03-07,62.29634598659982,20.17296994010208,21.53915685106752,29.90190433131507
2023-03-08,63.07729663470784,25.125889121911587,27.64992472264325,30.472423215529627
2023-03-09,70.11401599604208,17.90237526651037,18.890233764519312,30.397613202034933
2023-03-10,69.4103683237461,17.021355579641554,17.45455779919211,30.527830485277143
2023-03-11,68.78829202023965,13.230797907487238,14.089162369468378,30.34370995917792
2023-03-12,63.224212614020296,18.69246823778428,19.05278459970128,30.541013448208304
2023-03-13,65.92771917134196,28.26720035304876,31.919418199980424,30.29684639972129
2023-03-14,62.29733329870272,18.25103502235857,18.48479325077327,30.412265570935165
2023-03-15,62.99806843409035,22.06847265970097,22.96219182521424,30.292148909719263
2023-03-16,61.80048162689732,19.19481284116417,19.69868444803701,30.219903129169865
2023-03-17,68.86532674274716,13.897327016129728,14.46343683917982,30.441379748891524
2023-03-18,68.34129836536567,15.017801905923989,15.221502763994488,30.99265196532702
2023-03-19,70.0021895285291,13.863261449259666,13.987766486584873,30.958429338657904
2023-03-20,69.00263302721248,15.477780860223676,15.71109402819356,31.10010245204708
2023-03-21,69.91205330308425,12.529987458137546,12.793063776675837,31.482717084382067
2023-03-22,71.0900965682733,14.784500032403963,15.242730780479354,30.86801141029192
2023-03-23,74.29867936381501,18.17686033196928,19.06197378261864,32.48960740570143
2023-03-24,70.23829288796539,24.7441874962787,27.80535339655717,31.796366247249136
2023-03-25,72.69632169458666,20.850835643839385,23.534514447269864,31.70042527808219
2023-03-26,68.70592024415336,20.203201664535307,22.63459668217948,30.789502654353385
2023-03-27,75.95183780675936,19.80312145900817,21.52169625645812,31.42611058789376
2023-03-28,68.3332834214152,27.271348238469777,30.222194833003687,31.320359475462787
2023-03-29,76.36538302897415,15.824696437228344,18.026140224970018,29.70005361900069
2023-03-30,72.45673837532344,11.515957885121136,12.349991931924649,32.30961102541844
2023-03-31,68.16944707613504,23.26618158250673,26.77169673112064,30.89028353447373
2023-04-01,67.63395560430716,27.42478614647582,30.924735030147293,31.20755180926257
2023-04-02,69.90446952050216,21.33677218674987,23.79025715753645,32.32806635719615
2023-04-03,68.40045031388262,21.953303701875285,24.88625202913325,31.509268937330148
2023-04-04,70.49414104652419,24.621929089158822,26.716844672169568,30.28734537158753
2023-04-05,70.3087956255864,24.57063084503817,25.93931544684738,28.49398608960293
2023-04-06,76.93284342286277,27.47052578932613,30.0026147646794,28.498034768326608
2023-04-07,74.43059850965288,26.9735834316226,29.187809363125314,28.519605857704647
2023-04-08,64.12252057412374,30.513614596295216,34.34428475589781,29.340347865020668
2023-04-09,72.63151087003823,17.61263505872045,19.125730019877988,30.46534253051444
2023-04-10,73.35611193860481,18.913980077983023,19.938012779447376,29.92316055132948
2023-04-23,83.32508429466073,32.24896819505004,37.04699554119437,30.899220039464165
2023-04-24,74.77231462912482,30.16135938613023,34.74455354152253,30.0376485827618
2023-04-25,75.31640826957079,27.190722024625654,29.03996592625468,31.158735184989265
2023-04-26,74.76105298391339,26.489614098572304,29.50155808023037,31.68504234826
2023-04-27,75.67216587983508,16.844496695534037,18.01135700660338,31.17600526141837
2023-04-28,72.89610744414024,24.219043429222182,25.583180625470103,31.302086448604843
2023-04-29,75.27898804359168,29.88465717556801,34.17430029403211,30.878891749161
2023-04-30,73.47224475515995,29.66109270472377,33.91861565633703,31.395291001337807
2023-05-01,74.49645108794465,22.473322087518355,24.52938555313887,30.184537744355577
2023-05-02,74.94135420982127,14.68636285600689,15.077041573042033,31.631098361773752
2023-05-03,82.38940852183775,14.86953506562873,15.3461087783177,29.915958653948334
2023-05-04,76.5896952187567,15.495333797359804,17.201213106973615,31.484352983669407
2023-05-05,80.25003550404662,20.56044651583014,23.658454826144965,30.68538046326333
2023-05-06,69.79839551259379,20.83263813732665,23.029356381710045,31.14763877359872
2023-05-07,71.92435617082572,20.30644711085063,21.515107741517824,31.512888464946965
2023-05-08,70.05908898291445,14.861202648179724,15.523075369444555,31.28977864807294
2023-05-09,72.48092792545523,11.5090741964518,11.747166117099772,30.90020104253797
2023-05-10,75.76034305627006,17.246522900873465,17.87908517084867,29.875663845168145
2023-05-11,74.93188117821583,12.977410484172816,13.34946616396358,29.553656539533584
2023-05-12,73.25267974876101,18.071690289405648,19.85011724107672,30.54662756575712
2023-05-13,70.43142288879427,17.41204331212063,18.47346929157056,31.033758222828737
2023-05-14,68.7554675189094,18.69307135885268,19.513283159177057,31.69082804503288
2023-05-15,76.81927666098107,27.9231401086505,32.39873526699394,30.49549628219277
2023-05-16,75.2778268659475,20.011821509357087,21.618884850815075,30.10007904671185
2023-05-17,77.16510555411227,19.92151127663548,21.535359038507178,29.88000268322348
2023-05-18,77.86397702553016,18.46140307224576,18.939504422076865,29.972747743230286
2023-05-19,71.9076555638842,12.656522722816248,13.187359624043513,30.33813162507993
2023-05-20,77.11984857270588,18.09986888409009,19.18147313398332,30.161140780482924
2023-05-21,69.51941656277529,17.700967595129274,18.45469660522385,30.4818239368266
2023-05-22,67.52661054568468,20.876517224347207,22.54593696798052,30.76774842524741
2023-05-23,68.02678371556469,17.50458891212263,19.232055696660986,29.081057207651167
2023-05-24,71.36002265205317,20.05609875258432,22.100958600382167,29.68274341794276
2023-05-25,66.20373192153991,21.8150405055312,23.455712760260177,31.05658810557676
2023-05-26,71.79929565539994,18.937326261602585,19.72431446579104,30.17591573380426
2023-05-27,74.62520990200454,16.559423333574266,17.33077192189751,29.57585463563968
2023-05-28,68.99216704798543,12.042487729939122,12.168638078216407,30.570757551484498
2023-05-29,71.3351848772522,15.691978768293383,16.145328087287826,29.23197003182968
2023-05-30,72.01033156855257,12.18672130673032,12.327923870737337,29.94900931206332
2023-05-31,75.96583671828868,14.880157912454615,15.63638390451402,30.08155175717666
2023-06-01,73.00017026007727,11.427579042756,11.61998776061472,30.833974288336368
2023-06-02,74.12182685720992,9.493676605448448,9.66061102001818,29.92495659906189
2023-06-03,72.84674932808181,9.139607502920958,9.252242842387606,30.64844070937584
2023-06-04,73.03770393631636,10.659463067396418,11.111486298212236,30.527734777845552
2023-06-05,72.21878084170557,15.5301094861214,17.070955325362995,30.09191765931265
2023-06-06,73.9860439424239,16.677047689463127,18.51311702342641,30.27773099722515
2023-06-07,73.0114893637026,11.713080797621432,12.083552818130116,29.29844646551065
2023-06-08,70.31348181044443,16.29143336892672,16.9383980131469,29.94527350735471
2023-06-09,74.17033042143714,29.64246778320572,34.92888345652507,30.696311076968243
2023-06-10,81.83361932873194,25.16217141715489,28.82086941954899,30.23403457046432
2023-06-11,75.70245873760965,26.63458108532575,30.455062114051355,29.548601445261767
2023-06-12,80.1577979645926,22.98694388505004,25.866085367943125,29.146671970985697
2023-06-13,74.31169968862719,27.803884727182616,31.90383364761016,30.87782001875528
2023-06-14,78.78961095067251,30.05350315301861,33.41373001560558,31.624830305049827
2023-06-15,74.98272150585042,25.54280167967366,28.519870578055954,30.808896389532176
2023-06-16,76.36000077516856,23.28571761898315,25.9664876408274,30.64230228026557
2023-06-17,78.39881754763297,24.287873944201905,26.769553976909176,31.18341002299673
2023-06-18,74.90894938586666,24.783382865961183,27.37164472102305,29.770482326614538
2023-06-19,75.19232554415665,19.677658298847746,20.87609491339105,28.92096412551492
2023-06-20,68.68225584324124,15.941988353585977,16.268591822754967,30.90722980982422
2023-06-21,71.7146912690234,20.361457340597628,22.156795723028864,31.59633703164467
2023-06-22,65.99020811134,21.663353309143925,22.879388853597334,29.90538128807858
2023-06-23,67.70598461257902,29.73464014041884,32.78052751641685,30.672949697641265
2023-06-24,72.47525346179707,29.358840283907032,32.47225450507701,31.250915860494533
2023-06-25,69.8147152041691,20.00431652580396,20.54659139419964,31.234119242646617
2023-06-26,72.05272472233395,16.650060508508364,16.973481934144413,30.33764524976785
2023-06-27,74.69881828715779,14.103298636100057,14.665687678509684,30.59729916325041
2023-06-28,77.06160381367452,10.438255792064338,10.542257826559258,29.826079536940977
2023-06-29,72.61726883321961,10.008861647452209,10.298063873760134,30.554864321684537
2023-06-30,70.1157211423943,10.28994388967418,10.869207045875203,30.75553549326445
2023-07-01,76.33683713894253,9.100388343365738,9.518819469824832,30.06923642582458
2023-07-02,76.79364749165552,4.678849125873053,4.8356566256297695,29.21876455380979
2023-07-03,69.24742521825766,12.4629503741619,13.260801808011283,31.5135453551932
2023-07-04,73.10910751127072,19.093442064397564,20.198770818345608,31.40485080969956
2023-07-05,78.5392850789792,18.7443206954604,20.21001637153469,30.37696777376728
2023-07-06,70.8636325612571,20.138233438189445,22.353216350606743,32.01850944160932
2023-07-07,74.24819269325707,15.16717863043462,16.399868100953977,31.410722487470213
2023-07-08,76.57612725195281,10.702634111960384,11.03168687062632,31.111890276638327
2023-07-09,79.76248325333032,8.736364463774422,9.03927559715898,29.73584684343111
2023-07-10,77.35924738010874,7.910856543050131,8.044239587688498,29.656435478711792
2023-07-11,79.85131242996279,6.880270459537889,7.272991719773856,30.188736487470543
2023-07-12,71.71494526348602,10.663250664254104,11.310613231739689,30.637041874194907
2023-07-13,73.97202788504897,12.662832634590016,12.795599076011014,31.36120412521008
2023-07-14,71.2549051350514,15.37302973176442,15.862276868342,31.168069607663345
2023-07-15,64.59634834726934,16.634988912623104,18.467529763006063,31.82741387002645
2023-07-16,67.02477226370107,14.825985006535277,15.488210643280071,31.773891321880985
2023-07-17,65.65458238607498,8.509850186651809,8.531445025002022,31.81932914338708
2023-07-18,64.22615753724116,8.339957147968844,8.372664465894276,31.924786206057764
2023-07-19,63.31137742836983,6.229214850492129,6.387852059902119,31.36895032772929
2023-07-20,82.97650291330885,15.526181266480632,16.952381273258286,28.41999751611201
2023-07-21,69.31317478119793,6.058432054190668,6.119805974113141,31.679484161977133
2023-07-22,75.23966873436798,19.75546968053557,21.039727177336733,30.515597784031247
2023-07-23,72.62132344286867,16.000875870363085,17.168713000048125,30.93711545875929
2023-07-24,68.34728264046934,25.638265962138163,32.22158761070289,31.181206334534146
2023-07-25,72.47259571741047,18.06494056340925,19.564499664677,31.15770038162817
2023-07-26,75.17091544784094,18.38512665636461,18.92864976833553,30.77927178059491
2023-07-27,79.26870942131288,19.62863157781273,21.24782991810305,29.3590430254019
2023-07-28,69.96435374322462,12.676581716105954,13.407842134583069,31.856392761317004
2023-07-29,68.85847993991045,11.333793950549389,11.638258670177732,31.84860760361428
2023-07-30,69.90774824579435,9.03803567295562,9.100927437744955,31.4402206448406
2023-07-31,76.463869739615,19.79335590303689,20.45698948661865,30.04282227210262
2023-08-01,79.36495162193441,21.487111397502247,23.39046523406908,29.56933418153781
2023-08-02,80.83006062327593,16.52911217153017,17.769324452160724,28.91741452044836
2023-08-03,78.81950838659853,24.04322051971605,28.35926940864426,29.311121912097327
2023-08-04,71.99454350404042,17.715124186255785,19.87012815991304,31.497526839842347
2023-08-05,75.99086970033113,28.453187870323827,32.17839192540949,30.07272570367212
2023-08-06,71.78504024293359,28.28437431730339,32.43259760630363,30.86790280661012
2023-08-07,71.43074933724667,15.477072522911612,16.68132780756091,30.977796772142955
2023-08-08,72.07303157935473,15.961592664199816,16.30916051968737,30.96916031308303
2023-08-09,69.13094201316478,14.35073042556238,14.99613079448557,30.63449545471555
2023-08-10,74.62671950918748,10.611069960101457,10.806835739187282,30.63253958687008
2023-08-11,73.26224331704766,12.56439102874462,13.439929479125578,30.20049196863945
2023-08-12,69.56308448767,10.970625893199514,11.609756991249446,31.48725042680638
2023-08-13,71.66435416289247,7.6976177589513695,8.191570707025463,30.851544869649207
2023-08-14,74.62927749128585,6.2006550591997085,6.262124249875393,30.368998091127537
2023-08-15,80.57157814716581,9.72719290652886,9.872473004533598,28.50753672291964
2023-08-16,78.85895499991382,6.402700361912845,6.471921842540636,29.08259174097626
2023-08-17,78.27675783715755,10.120785543905084,10.392910420454898,29.252881812061563
2023-08-18,71.6761162074505,12.058412589566544,12.72890064358268,30.9099565298876
2023-08-19,67.66683791588163,10.757621340755056,11.266172141444612,31.12229474647657
2023-08-20,66.75647401980976,13.634517374003543,13.846965456006323,31.02657715928449
2023-08-21,68.74472974862245,12.599546580747084,13.015288222869165,30.764747118809023
2023-08-22,68.63168083406173,13.44295425634993,13.741231380860638,30.80442123533317
2023-08-23,72.97892468948834,18.201860256264,19.34598079213912,30.221553443626973
2023-08-24,63.60467826419833,20.0717483859429,21.704122167377577,30.867653119307
2023-08-25,64.26008959747666,13.088320001595216,13.387533101106184,30.895803335644093
2023-08-26,69.76228804909287,9.668106424992942,9.774537687682889,30.264115012587567
2023-08-27,66.31042130348163,14.65803340136681,16.139622157280225,30.15936825303714
2023-08-28,67.93140655211205,14.641668355700425,15.67960738812399,30.33207341979392
2023-08-29,68.9978444216677,13.059724294879777,14.977939166008678,29.917823464782828
2023-08-30,68.73723777878583,14.239709044786585,15.872967261618625,30.13830022902526
2023-08-31,71.5228795673468,15.800035588555437,16.816181300755275,29.834193048685208
2023-09-01,66.63313395438487,7.5183609132460445,7.650565705826274,30.53428070277681
2023-09-02,78.25681479873212,6.985904364291997,7.140681020009218,27.514846144810825
2023-09-03,75.33072326203231,8.644768849469635,8.901661826439069,29.77790251548537
2023-09-04,75.64013699690169,7.193204699325748,7.361171345791706,29.568247600352336
2023-09-05,82.23495091293158,13.593219581926196,13.781412379807088,27.583282878951767
2023-09-06,78.06696547143842,8.838328338186713,9.463953397665971,29.104893573887377
2023-09-07,74.86968229969655,13.99306289850498,15.565573648700806,30.95564293226491
2023-09-08,74.16449578262551,26.11851049830977,31.089884930480093,30.418120589420585
2023-09-09,76.39828626449822,15.161553112306931,16.32731631009131,30.53925462768404
2023-09-10,73.23524502589184,10.942797997243495,11.115904330632164,30.817016983117146
2023-09-11,79.85733295375168,8.57473753991459,8.711995677284646,27.74140741824192
2023-09-12,76.8679241684349,20.52830901036253,22.52690713110599,30.1568943538981
2023-09-13,75.47928000477134,33.59315049667435,38.70837434809764,29.30543807925032
2023-09-15,76.82237499182438,30.495423349661053,34.435462658397576,28.58019218136092
2023-09-16,70.39087161184945,25.191406713903305,28.262628401894705,30.272417726819004
2023-09-17,79.34895145636803,23.621451139107755,27.55871406756852,29.15678247761314
2023-09-18,73.94708842746061,22.500312184661112,25.79740470788201,30.42011766582033
2023-09-19,74.52653069914251,26.1996201291943,28.49557291576613,29.80460810769688
2023-09-20,82.1095671455855,19.009474442077,19.98606530089192,29.242312611478862
2023-09-21,69.02993903584557,15.26620574816434,16.84771782390279,30.821255022741468
2023-09-22,79.80444958020185,21.31081753865672,23.030146186171034,28.07414997824536
2023-09-23,78.60282615231081,13.934380583682962,14.281181617428222,29.31800741816071
2023-09-24,83.06531136852945,16.068867120888164,16.754401493575127,28.514083693743988
2023-09-25,82.425571264054,11.113051827290226,11.709249586242304,28.293014396804463
2023-09-26,82.86104452049172,15.49058075029547,17.45243628474801,27.6750826960957
2023-09-27,83.03256504662328,10.40116532005668,10.798624355583364,27.615872066898334
2023-09-28,82.21507168716148,19.629115414062976,21.387641767967462,27.85914547569546
2023-10-01,74.1633003900591,29.87380130418105,34.50671269658611,30.04902938251395
2023-10-02,72.79510655746911,30.01505376344086,34.68494623655914,30.07378911594201
2023-10-03,76.07363913887187,28.832854529755444,32.36968199332037,30.40908894738763
2023-10-04,77.7468630704805,11.787588064634676,12.152954190501356,29.78156791098613
2023-10-05,80.33958971690221,15.57172030946548,15.869561668185131,29.498950652527743
2023-10-06,75.18242538569014,12.811942379361232,13.211269719563584,30.37518234400304
2023-10-07,81.46180424063648,14.39944436922283,14.747975204165767,29.19078759442224
2023-10-08,82.2451976363625,20.095665862054663,20.771879604455098,28.64261634843613
2023-10-09,78.17273146337425,32.89368648018964,37.3725868320078,30.36361961472924
2023-10-11,80.62531469796203,28.718961965886365,31.495226137362447,29.288139073725183
2023-10-12,81.690454459999,21.77490510196409,23.84507732547501,29.25810608243168
2023-10-13,80.19706105435246,23.027264035943045,26.261932898957884,28.59661072747217
2023-10-14,81.19204577316252,14.711793533530292,15.118088013852615,29.67015459340277
2023-10-15,81.26869954146179,17.550933445782007,17.87638665681975,29.6943513749105
2023-10-16,80.79296002900982,9.619183899388306,9.743527087733554,28.78617849814708
2023-10-17,80.87217236371582,16.39530903404603,17.234696452999188,28.988937883388747
2023-10-18,75.72074172899747,16.094959751817616,17.26069066795163,29.10524415993732
2023-10-19,79.73519944908773,20.285195842193136,21.459939181279783,29.30449197554767
2023-10-20,80.90809032105099,14.96889967598403,15.713012959119975,28.94759365399449
2023-10-21,75.64280924248706,21.21991449722836,23.3893862069597,29.722275261611586
2023-10-22,77.28203288477323,16.119590646766486,17.165204221760455,29.3870794562556
2023-10-23,77.60102531338238,17.801259103142986,20.26443885725484,28.80612571657911
2023-10-24,75.05773238942992,17.543552923846878,19.050183321370355,29.4166704844422
2023-10-25,72.20807081463477,15.85609068958377,16.946066085612436,30.12359083991674
2023-10-26,77.23151215304438,20.02918712704296,21.39610954342166,29.345901476159348
2023-10-27,77.92483817189175,18.729498046277723,21.07760876768551,29.037512416396183
2023-10-28,76.11598017267261,15.797705589935816,16.782977068486428,29.619887734189657
2023-10-29,76.27627357536787,14.852609043033562,15.329274828265133,29.39568021999757
2023-10-30,75.6513627595634,12.04838383314612,12.50653680782206,29.625979868477355
2023-10-31,77.30549133971581,9.788153218944334,10.064858172105383,29.5630015653437
2023-11-01,79.3318983960652,15.828790658440624,16.391245807233553,29.17383430828675
2023-11-02,82.63357525723494,10.29963161078006,10.725909745439491,28.0898375763656
2023-11-03,79.54597343897588,12.3211579670005,12.663123317157792,28.516835011079944
2023-11-04,74.43695193537137,19.373837741426268,21.373694071171503,30.050339159150045
2023-11-05,73.45849879511944,21.98257621936581,24.05199735118244,30.19304019872381
2023-11-06,76.96514091892742,14.492386519135186,15.13538763026052,29.532662987978267
2023-11-07,78.4625161359988,12.220882479447512,12.660453923833243,29.6742118630996
2023-11-08,75.51717752623136,20.590479889426152,22.811554106882017,29.7231909278279
2023-11-09,76.16791687029803,23.89791863130288,26.468529008170183,29.925741754986007
2023-11-10,76.30634702174363,23.72282135177497,26.46268662050498,29.469322005091907
2023-11-11,75.86135570399439,21.88653131954622,23.57177853903706,29.599378402807016
2023-11-12,79.62475929011792,12.817757670207524,13.422838917835366,28.78920741492249
2023-11-13,77.22025095045193,9.256497715334175,9.305301597367263,29.421949822193792
2023-11-14,77.36440283054064,9.188645196897538,10.08920349777079,28.96679864396345
2023-11-15,78.33317392104821,9.480573243817338,9.756690231048417,29.27206023553515
2023-11-16,80.88646223265611,9.227204332816052,9.295584871395606,28.5084812519246
2023-11-17,85.2270735572211,9.494483979459613,9.75748271284763,27.38162996064589
2023-11-18,82.08287516489474,9.015621320806206,9.207411449264038,28.24736561659141
2023-11-19,80.75362989153406,5.655161998376687,5.773850071139464,28.09758942476488
2023-11-20,76.9376171221813,15.179880246219918,15.491149499484782,28.96186168997848
2023-11-21,76.8177459695854,22.44395565545648,24.18288438261117,29.00338111562725
2023-11-22,79.45047758842254,19.40877953603128,20.44033133431165,28.41244174412005
2023-11-23,80.358682157881,17.02553052384456,17.40592066657217,28.20135686600644
2023-11-24,79.66802986130016,19.121941906388347,20.13333476427372,28.572904738854827
2023-11-25,80.660391788217,14.322331686759682,14.735100116703116,28.14406968719205
2023-11-26,83.81025789886974,10.152231593263158,10.248615793234732,27.34948387343897
2023-11-28,79.84716346868838,4.054271663724592,4.488507309093879,27.92639416220403
2023-11-29,78.81803648426573,8.271426583819514,8.363053186885478,28.53588469619744
2023-11-30,83.97914206109614,10.653185724924738,11.23147948743856,27.561232764042973
2023-12-01,83.52747703442749,8.029296558281095,8.11357578946481,28.179907242197626
2023-12-02,84.31218125866006,7.774443542321366,8.038376329235959,28.09008945991081
2023-12-03,82.73294609806929,11.945910356206028,12.043451029196154,27.693518265105
2023-12-04,79.973490928387,5.569541586888115,5.609255597925025,28.45833419198552
2023-12-05,76.90323790891291,5.115440663573609,5.263562149353527,29.79885844098077
2023-12-06,75.01915335536349,11.46333898399803,11.639829782559785,29.863941164074
2023-12-07,73.98027865579475,11.84798363675679,11.980950326966362,30.194896345054826
2023-12-08,79.91138116305326,11.93309006105366,12.02815902446596,28.65713962735364
2023-12-09,73.22223778741115,11.17324715452131,11.518323044388296,30.1368963032948
2023-12-10,71.69936271743788,14.991017921273778,16.027923350241263,30.445557308250898
2023-12-11,75.4984991863157,24.329064715553784,27.354155905151,30.07757537111508
2023-12-12,74.23245637558684,25.9997878589368,27.98713157845545,30.189707584068376
2023-12-13,71.21564206460779,24.62982174835712,26.167131664115583,30.258355977964133
2023-12-14,79.30515671740407,17.3183357612651,17.971298860698923,28.932173006626154
2023-12-15,79.25486227437219,16.573087332171212,17.151560042683435,29.209150669203915
2023-12-16,80.56961541625184,16.985792880539556,17.221140938276097,28.785751646859264
2023-12-17,73.01823163496344,13.03217166163501,13.186446869145788,30.08790009584644
2023-12-18,73.08628024741157,11.199456906055849,11.400373348787657,30.252485528245312
2023-12-19,73.37282582965143,10.432734385406544,10.982958181408572,29.976218288625883
2023-12-20,76.7355207511284,14.747637299582774,15.29061650096061,29.26069506838186
2023-12-21,81.28857730153638,19.038595980834227,20.00099966660034,28.38872230461576
2023-12-22,76.83915325104181,12.654355511676782,12.812943655174877,29.342197355441154
2023-12-23,72.64408989093093,8.961516575984993,9.015569253767024,29.511959251090293
2023-12-24,79.00904857411342,13.466197576350632,13.540890857102452,28.15217815084793
2023-12-25,81.85912770046498,10.969256258345652,11.112938877081064,27.774770601401432
2023-12-26,79.85778935447065,11.49170850167168,11.852134392932337,27.84281837084518
2023-12-27,76.61163056264813,20.10019864104531,20.56058940294282,28.596108103760177
2023-12-28,75.39064272487208,22.086853901913315,22.545571945689364,29.15949182441988
2023-12-29,76.9388988075955,13.31507767194602,13.695772596462566,29.16479683534746
2023-12-30,79.30672482032115,13.748179334881735,14.110810800036214,29.031491294842613
2023-12-31,75.05930790629866,12.619964813706336,12.655240689575464,29.86883926058257
2024-01-01,72.22218644513801,11.759637146175129,14.08550478928634,30.117657180518663
2024-01-02,72.80942093167269,13.431357821363228,13.71103271704509,29.91755031610103
2024-01-03,73.03245420586819,11.9890662387956,12.271794019229702,29.90138495572382
2024-01-04,71.9451806537628,14.533604047695736,14.888382279747471,30.19763139221405
2024-01-05,70.12647080173114,14.809059710523332,15.192993418495162,30.36101796527609
2024-01-06,70.61313610258789,18.70820760781736,19.18580486371565,29.84963917922644
2024-01-07,71.9047663745938,18.29555656275529,18.70274255162244,30.00266975796709
2024-01-08,76.63121384695332,13.16829921214424,13.203870577075262,29.30316231066288
2024-01-09,75.60649346250385,14.5673398135362,15.315809159031208,29.41066526678464
2024-01-10,74.74485620239533,11.85535766169163,11.917434824749645,29.97197715344692
2024-01-11,72.67278331016615,14.148116638483296,14.284955792973202,30.17830478974186
2024-01-12,71.71341537581445,16.72740422930394,17.202271869013618,30.050169045207184
2024-01-13,70.4274115405326,20.25182397248296,20.738854366694028,29.901886792581564
2024-01-14,70.1421639421559,25.10964958026246,27.220811125581022,29.659946398472755
2024-01-15,68.91410728774977,23.297336585727034,24.74771652209285,29.68597753137089
2024-01-16,70.91869444349388,20.49762539118316,21.74397678119024,29.932914082296488
2024-01-17,71.5166838998856,14.092301462591122,14.924721368964024,30.02841859566172
2024-01-18,69.89073365428378,13.100269299332345,14.263694579646716,29.929192949817423
2024-01-19,70.65772995644834,16.04108696218203,16.761575345183072,29.929701860980696
2024-01-20,71.13820101440268,19.726764029942206,20.65869808296972,30.165006671088573
2024-01-21,70.32990568057369,28.046608535790384,31.122387949316675,30.05571506929671
2024-01-22,71.74884594102924,28.88550431787773,31.67195142363377,29.87567149202829
2024-01-23,76.74440853799315,10.444299785754382,11.136656529467194,28.524874962912808
2024-01-24,72.57622078713281,11.671214984970986,11.851306551018292,29.35824381014213
2024-01-25,75.80788267360333,9.672028088934123,9.7919361549191,29.058838261502792
2024-01-26,78.05189684443322,7.52688247183793,7.559880449710495,28.438524577364834
2024-01-27,73.5568019323019,12.06974753939032,12.236073992481138,29.161005706417875
2024-01-28,71.65211739739667,13.81389499579404,14.172611398097075,29.212126593756352
2024-01-29,71.07570452960817,13.25555399078092,13.431812436459897,29.336680242289777
2024-01-30,71.54867174865429,14.35669927208111,14.754058791139023,29.33064104840633
2024-01-31,69.87153435763052,19.45312788952112,20.01464921152238,29.77332042170897
2024-02-01,72.08179961008337,21.03257677384112,21.84350874051061,29.52066440463136
2024-02-02,72.20259771091513,28.110272755512742,30.771127798532405,29.59455310305539
2024-02-03,71.9127847368422,23.27717477792596,25.10797920108996,29.78831164910716
2024-02-04,70.7319791664324,19.617850130714924,20.57470285816107,30.17700950277421
2024-02-05,66.25210470783234,31.22874860294226,35.38302308208157,30.968141269838814
2024-02-06,70.82672720787652,29.850085053466007,33.854840395118586,30.21380246228067
2024-02-07,72.68258816682253,26.9581305796419,30.148290534808808,30.092165091489296
2024-02-08,69.10110817466652,28.090866652717988,30.717683183299744,30.4895363355234
2024-02-09,74.89772768323171,26.216805556841745,29.35031368960001,29.62800012185395
2024-02-10,66.14796249602217,29.39693941061799,32.25001915928188,30.631706609555152
2024-02-11,65.0735568351989,21.849296496151,22.300970696256183,30.73403019831808
2024-02-12,65.40869660789005,18.74437417783877,19.41034731442472,29.920240408454845
2024-02-13,65.20578552147859,17.2671575259215,17.286391684877103,30.079923286346723
2024-02-14,68.98605375510176,17.111146107768487,17.98665614024988,29.87262370912196
2024-02-15,71.07537813004386,18.21766732334456,18.71182711773412,29.96494016852742
2024-02-16,71.15040180547369,19.57539607818452,19.873750397994456,29.862866719769976
2024-02-17,67.85923625570987,20.721613311769925,22.03521674677913,30.56493334840268
2024-02-18,66.3981345989357,19.17024513833157,19.954389324269425,30.32586532914248
2024-02-19,74.44231101954341,22.2399974457003,23.692379927208574,29.41780069341573
2024-02-20,73.81961472165938,19.709656793203006,20.848136079514727,30.104053402167967
2024-02-21,71.83653345910352,25.62758374910905,26.9672131147541,30.44667028946082
2024-02-22,69.80467733963164,19.87347507842454,20.80306727082607,30.65552377789353
2024-02-23,75.52933991277494,17.222802350151845,19.61392959616324,28.9143590641761
2024-02-24,72.10241638607653,8.495529784723553,8.644854835187969,29.68896769985103
2024-02-25,70.59191676658918,7.05725607838339,7.131996272942381,29.88034511528451
2024-02-26,71.1303318625733,19.653619493381857,20.0241035073645,30.112461275590206
2024-02-27,68.4492219500239,19.80858306823265,20.33054496553431,30.605120337859024
2024-02-28,67.01097049893927,15.532731551173937,15.685503369019957,30.7815739607901
2024-02-29,65.50791054945715,20.73332884890768,21.61087177724832,30.78035345201815
2024-03-01,70.44453064000267,23.85216358494037,25.592424486334924,30.04644140225665
2024-03-02,72.62639649912985,22.45555306403537,23.811965991292684,29.97882614397125
2024-03-03,69.85999532371731,23.51180832520796,24.32087091033293,30.813400395698533
2024-03-04,67.52969917362881,18.05816979974785,18.686667387845688,30.877824911133505
2024-03-05,73.96325182851153,25.749407832834454,27.2608477447114,29.951057917933884
2024-03-06,74.99454622503272,30.572889115323665,33.559981209960675,29.95647221138168
2024-03-07,74.2859186144663,31.260299856751004,35.11485384516483,30.20281892238181
2024-03-08,71.31672855031123,29.06952478857396,32.762267848682086,30.448553181673
2024-03-09,72.88284413522305,29.06689589947096,32.21697826386818,29.76537946916333
2024-03-10,73.14488142203383,15.3268191410388,16.728489679374004,30.05047551136908
2024-03-11,70.9859071445186,33.860359975183826,37.57671088524853,29.870373846460893
2024-03-12,70.33043090791236,30.478206052878,33.6857438771542,29.73628178521949
2024-03-13,71.23293154423105,31.44891572415137,35.49283625970746,29.688687264359856
2024-03-14,69.66496091036657,26.66039001526548,29.659101775677403,30.09048105697629
2024-03-15,71.24869066578184,19.227899194959434,20.115047338386194,30.42179930558497
2024-03-16,69.97410685827887,25.02749317063288,26.17568743406021,30.41766206101779
2024-03-17,68.79702732427766,19.28668434037722,20.57108448476752,30.25518736251055
2024-03-18,71.43531747701431,26.0994295123418,27.99056056639871,29.961626592131424
2024-03-19,70.19688337645955,22.126029532540343,23.367094174114232,30.09384523521136
2024-03-20,64.23081678464271,18.18922348570824,18.785551014310133,30.83445065894728
2024-03-21,68.03789011385082,21.657802964896973,22.685956039306543,30.11788555732153
2024-03-22,68.35435721042514,28.132189191959743,29.993176900876787,30.1245778239678
2024-03-23,70.15142387307765,26.43655578002478,28.133743847708217,30.28914769652573
2024-03-24,70.8813623575827,28.921316095328034,30.72725637381821,30.69423310818541
2024-03-25,70.66252497965051,21.27012695711377,22.15966853598076,30.72400069973304
2024-03-26,68.84673857363934,18.857493577878746,20.007499452443906,30.25154363861749
2024-03-27,72.90824055352964,18.956407535653792,20.20167356504386,30.465190973047168
2024-03-28,71.91084262955125,13.906455487075409,14.131558477358434,30.81874999964705
2024-03-29,72.0621790238052,18.19391439438409,18.652318495352706,30.96512288722293
2024-03-30,70.99997047327057,14.870442379098415,15.441762603130526,31.26670122380879
2024-03-31,75.79891435264595,22.903700690662813,24.53919581455308,29.999971799216084
2024-04-01,73.37816899889523,24.03903998084913,26.40584556672888,30.641924628703503
2024-04-02,71.362498729086,23.649836655962805,26.74448403395301,31.10773301946344
2024-04-03,68.74048219830443,18.588752697031413,19.798484261268893,31.55476507381059
2024-04-04,71.30767521241334,20.7856333574522,22.08415878459013,31.37853240090054
2024-04-05,71.17387656617949,24.488832427869323,26.2215736158095,31.13801805853493
2024-04-06,67.91521387751031,27.11873105621196,29.311926411825425,31.23065609032269
2024-04-07,67.54902618286803,27.566366389488103,29.7233237199026,31.05108304488269
2024-04-08,68.35167829478802,22.570153234009453,24.42647533515164,30.60228805573618
2024-04-09,72.53263712180133,18.291805816913243,20.61155728425068,31.077933626171376
2024-04-10,73.16806443331154,12.705875153411084,13.130606514716831,31.11820260174049
2024-04-11,72.17937775047992,12.761834399174406,12.990018561102422,30.795160925040005
2024-04-12,68.0457966884569,21.839072690908186,22.33785772428689,31.172846380882017
2024-04-13,69.95148758165423,25.976326486138618,27.73456938249097,31.220649024905047
2024-04-14,71.40388416591489,28.01001099965135,30.291624915389228,30.743771756189687
2024-04-15,71.48916789089394,26.89312019098395,28.315402919046,31.179942614437003
2024-04-16,71.00614064310398,20.70613342148142,21.60673306147886,31.072182299653743
2024-04-17,70.046507626908,14.35423877301399,14.716004702225732,30.96426222535285
2024-04-18,70.53535859262568,16.91125658426694,18.227761613374025,31.12734370245376
2024-04-19,67.66310597774022,23.733760096982326,27.07426035053845,31.44857619221459
2024-04-20,72.04033510855102,25.307207375256105,27.280320901821334,30.889558402431327
2024-04-21,74.22052478528315,26.470811319469867,27.867847509362583,30.5713444950482
2024-04-22,73.74121203304063,26.392953943644585,29.127747178831687,31.256500765034623
2024-04-23,73.8870883382367,28.52401086679357,32.50034733860315,30.463876809521555
2024-04-24,71.88749383165165,28.66907428487264,31.78901571409489,31.490814678715687
2024-04-25,72.68434624589813,30.894418489638152,34.36708968625209,31.240124597285924
2024-04-26,73.70025212084738,29.72102766319797,34.06047877049766,31.32443388320429
2024-04-27,76.08546858663756,30.57842806712828,34.63118809096681,30.81349691793254
2024-04-28,68.25878540915612,18.617768439797747,21.13326793089288,32.349973281189314
2024-04-29,73.56017756473203,21.372574464312503,23.05946728349046,31.03686101804216
2024-04-30,73.6853555543336,21.3718634583868,22.583202948100407,31.86946902300475
2024-05-01,69.08850321103715,21.40999689609984,22.60143557336256,32.213024681772524
2024-05-02,70.27367216498416,18.980025885823885,19.844208981662003,31.62951442930336
2024-05-03,73.02055572982323,19.841726511214272,20.212060680888733,31.75805691411596
2024-05-04,75.71462610141556,24.25257360972824,25.66144471575168,30.65616052514644
2024-05-05,71.8781987274509,21.99739495647057,22.878596787305355,31.39227243726582
2024-05-06,75.4909801196947,24.91084105382894,28.53896255234387,30.389494136524792
2024-05-07,74.48488535574367,27.5843815872858,29.92154866841973,30.985052004278245
2024-05-08,78.05478173692374,27.436167573458107,29.557816117605,30.914046892677952
2024-05-09,70.47442150845472,15.795541456139,16.971389976295292,31.62284715801843
2024-05-10,75.8714582477282,10.195583002526616,10.571529609168232,31.329923935849795
2024-05-11,71.36042646910346,20.21637524293387,22.314009179530828,31.423968333571622
2024-05-12,77.55800476736718,19.184615048039937,20.547397911553496,30.67528729619956
2024-05-13,71.1527976492104,20.619424837585324,22.833624092542824,31.81239000700649
2024-05-14,76.81928060248205,27.22364386525725,30.12336312438449,30.39722055359233
2024-05-15,73.0404638830805,13.51881562516746,14.106830813645905,31.88384801892251
2024-05-17,82.16234191846938,19.82823666816073,21.32814074521539,28.923366098660107
2024-05-18,83.0732879180579,25.860141033807075,28.487808832920013,29.487800214470145
2024-05-19,76.60982522728594,26.512503983888813,28.74953143053923,30.63375983221057
2024-05-20,79.21492332302559,31.02271584135145,34.271094355329915,30.185550198937587
2024-05-21,71.86254461188567,24.891467726989628,26.298461422196727,31.52642506980167
2024-05-22,79.49509206237266,17.223652005184952,18.1132410521902,29.53594849087869
2024-05-23,74.90521106141544,15.692052267025735,16.479776966634514,30.530886863125257
2024-05-24,74.298032665882,15.834089297688866,16.617903043752456,30.232156433856165
2024-05-25,70.45125943722545,14.364783322744753,14.733921657436278,31.815357149885006
2024-05-26,69.82275763090007,22.642196462643163,24.581490854685462,31.28572448270604
2024-05-27,68.69237774504707,20.241261333201173,24.71629397837985,32.392344394556154
2024-05-28,70.82863787100355,23.42004569025257,25.893505603247565,31.638427040874355
2024-05-29,70.18985996666348,25.923618763677617,28.46989798877293,32.30397916325364
2024-05-30,76.50397347976153,27.22916791047333,29.52024839756921,31.192601263178616
2024-05-31,78.93382822143087,27.192900370717524,30.334661496201807,30.818248865873464
2024-06-01,80.5166919804882,23.64731717203161,26.089683033048104,29.104656927990035
2024-06-02,76.65497273699283,25.36924396893914,28.202308843490822,30.260981844697326
2024-06-03,78.14835059695669,16.600471871036373,17.66229800083435,29.527175444648154
2024-06-04,78.25413326921564,23.93768253303376,26.758864604004536,30.269054740934912
2024-06-05,69.42217107548414,17.529378598225076,18.85246635666579,31.776921919187863
2024-06-06,66.05616399320789,12.612403770791335,13.26460816968562,31.73924446385617
2024-06-07,66.7492270607524,15.890030371220329,16.90279441770833,31.684471030747897
2024-06-08,75.46132733417592,13.99038206913334,14.701819638813896,30.27842264826209
2024-06-09,67.74362183677063,12.13160050659565,12.482008040238409,31.50025442595113
2024-06-10,67.10731792914451,13.58631007074874,13.750265388058938,31.040276423086976
2024-06-11,69.94412758391566,14.849476529095565,15.253059904456876,30.628629410860487
2024-06-12,64.0549018309112,15.145483874460531,15.466959218212462,31.27754308734385
2024-06-13,63.679260085423,16.973512645832596,17.29642714514309,31.86662311891346
2024-06-14,65.62833663481968,12.189065443774629,12.23384938929117,31.512203318720548
2024-06-15,65.43837356748722,11.582139225949511,11.670081540852568,32.02572484300648
2024-06-16,69.58828617178196,12.42028208523132,12.62604834361042,31.370561418303645
2024-06-17,76.68796251167534,11.196562900443489,11.35867324995442,29.31034359344676
2024-06-18,73.18285603911735,9.562064100141168,9.926181701803824,29.38020921632675
2024-06-19,70.01201336870416,11.066321396745872,11.33649704600179,30.60947332329669
2024-06-20,69.6360356668626,8.105637486513972,8.212890704418841,30.30885346116953
2024-06-21,70.97425083017654,9.501367318561906,10.165245339867743,31.128439397200665
2024-06-22,77.49667749227717,5.312215729967652,5.420090532043689,28.52680580145249
2024-06-23,78.11655282952496,7.773525331793289,7.863306024844816,29.16412761887293
2024-06-24,71.33265326424446,14.533797611818388,15.456190640085651,29.486569852274283
2024-06-25,73.6541992376978,17.09769824597612,17.63679056806972,29.146258998574087
2024-06-26,76.99267399712201,22.21273141363073,24.54710787906913,29.186242599891813
2024-06-27,73.45168373414283,30.11882665694837,34.182761889022146,30.145162575268657
2024-06-28,67.92919465509102,20.96786209282767,22.196859201370504,30.913498420219323
2024-06-29,75.2492151482547,22.653742844769265,24.624292535806173,29.739308068928093
2024-06-30,76.22434748140633,18.921263659786643,20.72733265460061,29.98079548940523
2024-07-01,72.32435816766244,17.848881594440595,18.47476620286402,30.49366206605012
2024-07-02,65.7798759085282,15.476373118326396,15.592782064440565,31.54740273368913
2024-07-03,65.62590650205658,17.233398929388912,18.48033204291116,31.38196536672152
2024-07-04,69.54605856058052,19.997139967104616,22.19044030017675,31.07715053201416
2024-07-05,67.8756656460106,15.062948605218478,15.27681866867832,30.63197363698381
2024-07-06,74.12689452565272,21.084269025890915,23.567236104827465,28.75574331942234
2024-07-07,70.39819824827347,12.808162530643369,13.164584899684884,30.588297231733897
2024-07-08,69.54183587531428,12.62796770914426,13.113121010952758,30.46333039295077
2024-07-09,69.86002236650215,11.87182808783733,12.152723128744498,30.888997342686963
2024-07-10,72.68169875029507,10.48034800238635,11.026773101471576,29.92329554467429
2024-07-11,73.93222272807515,19.26182309405393,20.585248343658552,29.91107407642103
2024-07-12,72.6680920629998,15.251412845192007,16.04229490021782,29.80492493721499
2024-07-13,77.18504048929616,16.93711390142747,18.034192424649373,29.02381837820971
2024-07-14,75.04664571782095,23.222028462456823,25.92157397483012,29.725495350387654
2024-07-15,71.18935338270727,13.53880225209786,14.614734228964336,29.650149334514555
2024-07-16,74.1087899442594,19.94573942255596,23.49499804552104,30.009268916335504
2024-07-17,68.68340012231272,26.82393558172828,31.590517423898405,30.82219252905348
2024-07-18,79.68929067181342,18.845684120756548,19.654892598147143,28.418699926682752
2024-07-19,73.26487013255957,31.2095940407064,35.45575457485231,30.621463079132003
2024-07-20,77.47121166810814,29.000152334925616,32.54543149434436,29.97688940523802
2024-07-21,74.94486320914424,32.68691677059536,37.30037521621241,29.734682426727385
2024-07-22,67.89716902940735,34.14876546201568,39.11733372657263,31.364658754701228
2024-07-23,71.54670917020317,26.71373790665621,29.0737365876821,29.629631700312625
2024-07-24,72.6128152803751,32.73424695388549,37.387443089131054,29.70015273864544
2024-07-25,71.61114848704852,27.6769443374367,30.20402454538132,29.792296881725427
2024-07-26,69.15210256936588,27.21075329214363,30.35596200095199,31.51390674325664
2024-07-27,66.28216866004895,29.22713662844173,32.71630371240706,31.69695570829414
2024-07-28,72.62838280026749,30.66215277777778,33.10868055555556,29.51708978068039
2024-07-29,76.10833384512172,25.969655424173386,31.5112890922308,29.031551691619143
2024-07-30,75.21125842140357,18.37580696496724,18.7700613826788,29.37271276326994
2024-07-31,77.02289557434707,28.220992261721847,31.283960878748854,29.43196261434872
2024-08-01,66.62167201509733,26.30857951559085,28.63082838055419,31.35442579947012
2024-08-02,72.97891107671687,28.85075896339601,32.42213992269341,30.16716983946199
2024-08-03,74.72058299882076,30.04069438434114,33.17366725072323,29.865714955362783
2024-08-04,74.13930011309178,25.838512474262057,28.97045511336606,29.631799221259985
2024-08-05,72.52094470271764,14.80811166860164,15.438129478500445,29.381612935460463
2024-08-06,72.7533208524736,13.388389675274857,13.748848977415127,29.97121712069274
2024-08-07,70.23004583190783,10.734806670059092,10.81425613244062,30.3175040925548
2024-08-08,73.54623197600597,8.481595392936796,8.625197206189005,29.79450913727011
2024-08-09,73.78029290201547,22.269627000747835,24.47025202452426,30.123995741048912
2024-08-10,74.32458528978677,23.93387386239261,25.14636488460198,29.82654271454112
2024-08-11,70.53294284177208,16.714152118669848,17.76624036612093,30.708959140511272
2024-08-12,70.52310139377674,11.859891508739858,12.195333680169272,30.60342394336632
2024-08-13,70.57875765592715,9.017015440769974,9.227974255954038,30.19061991731001
2024-08-14,71.34505063964208,13.14193502242828,13.55356400595943,30.707235266762364
2024-08-15,74.45436357081438,17.209371114430766,17.861420608323773,29.988198138291065
2024-08-16,73.17394723130444,18.617368822222662,20.2508140434265,30.558465083010805
2024-08-17,73.88011983427852,19.17145584661379,21.31571526696304,30.40225260229158
2024-08-18,74.73843638442338,17.972689544232367,18.91303641590823,29.988947300821167
2024-08-19,76.85004733627619,13.392356993975325,13.7063582355552,29.56920091789931
2024-08-20,74.90735284810792,10.628757177866737,10.760671199413766,29.932348069252857
2024-08-21,70.04640952055202,7.623960046943694,7.857562998941835,29.64693909097963
2024-08-22,69.63364743652501,11.348914539554803,11.664847625603525,30.523527320896623
2024-08-23,73.87562958877956,12.224785333851308,12.960344741196428,30.283705687692127
2024-08-24,79.1242211909561,11.724950397921356,12.148595303904855,28.526231822463245
2024-08-25,72.1308848861499,7.616656673786164,7.735275991290759,29.85569124946151
2024-08-26,77.68251769468584,8.886290365142562,9.077722062067265,28.51280159913019
2024-08-27,74.41106687486135,8.864458633937161,9.029667167708284,29.434313540874825
2024-08-28,78.1682574294566,4.954357148706584,4.990322471416834,28.25263128698309
2024-08-29,76.00770862657404,6.868696640583679,6.892019183891528,28.810809953259536
2024-08-30,73.78992727890012,11.14466528641812,11.529607738010949,30.00724609712937
2024-08-31,73.8465428113978,22.59285767715124,24.267056971082408,30.191337900085767
2024-09-01,69.54084869292187,22.153117547866568,24.2158846572775,30.72804033696828
2024-09-02,72.62846860814345,15.702773036032175,16.8171047487268,30.08328781019725
2024-09-03,75.21334366292176,14.07301792047557,14.70351183000668,29.41599798493603
2024-09-04,69.6953027877459,8.443348101702268,8.539122311866485,30.3398561294883
2024-09-05,72.33961900015636,6.159755347449716,6.238764814470781,29.715207069360986
2024-09-06,75.38466185204284,8.48459256521932,8.515216490477938,29.546071398729644
2024-09-07,71.54309030880692,5.669544443685766,5.706815598301675,30.39263838129512
2024-09-08,78.39239870809172,12.839700518423674,13.207131304335531,28.723110020527013
2024-09-09,77.20827576550683,12.898930244316494,13.238151617484512,28.37601023320042
2024-09-10,70.37137319390126,8.664126001410164,8.888611177157278,29.999233464271413
2024-09-11,69.09162599117563,14.274481125031585,15.874156978430037,30.36988212975955
2024-09-12,71.64241339021025,15.391147724349816,16.409371774885233,30.34178398363409
2024-09-13,73.52459341407997,11.056824344440903,11.345079272495132,29.63154456853043
2024-09-14,75.01253409366548,10.0012949596047,10.160388481268503,29.04869164233646
2024-09-15,77.84895595319733,8.561261928773725,8.788914772309534,28.668774928232963
2024-09-16,79.33207621445399,7.030180580548216,7.198226313505871,28.377640515217948
2024-09-17,78.853038283702,4.163983297999856,4.222341974583551,28.2822710219875
2024-09-18,76.48923079256457,5.679869848726862,5.686714716176592,28.615822879200937
2024-09-19,77.49027986925468,5.258331548293137,5.278461795940651,28.339861119919124
2024-09-20,76.7570519633684,5.107164115346389,5.174703853152809,28.69806136581241
2024-09-21,78.73833968937531,11.405234954494972,11.729271692052473,28.28086016451577
2024-09-22,74.86264803903084,11.65173843564686,12.001992891582685,29.59947014067261
2024-09-23,74.385296517542,9.293036363751463,9.318011643456677,29.824272731912952
2024-09-24,75.86292853691401,8.632609640053326,8.904233114056044,29.40732411917746
2024-09-25,77.84140232814535,14.711845537045042,15.1589257387327,29.12836448464768
2024-09-26,72.66248299794708,16.50510103810236,17.41848040907471,30.10142538955373
2024-09-27,72.84226342488991,14.018348920728604,14.880382162183809,29.98271885102025
2024-09-28,74.27674446152022,10.311148546863569,10.862498867495962,30.0076161054127
2024-09-29,74.98831675891077,16.31112738121667,17.27486658888719,30.16451277853444
2024-09-30,69.24696325832859,18.38739570978277,19.786014920012374,31.047725488584472
2024-10-01,77.86764021292063,10.785186165905328,11.220825757129926,29.22146724116948
2024-10-02,70.6601820061055,10.232743410926068,10.848701717102882,30.506723135056266
2024-10-03,80.00031640086586,7.254448545969998,8.088205554359943,29.051575845814465
2024-10-04,76.86539559352616,10.602858491591428,11.008931943341947,29.408588414414663
2024-10-05,79.12967736973229,14.248776806138048,14.962997114334224,29.10899587877576
2024-10-06,81.29356828468603,11.73150175354408,12.075734124002294,28.1633443317862
2024-10-07,79.28074417943617,9.597886797518244,9.873182404119364,28.48415132065868
2024-10-08,73.08406503676675,11.461890150673456,12.129518186824567,30.379379403549795
2024-10-09,75.95014462000597,10.12352135860638,10.43974582656965,29.473276527063444
2024-10-10,77.25724924871116,18.449787814863303,19.832215451272123,29.027274148824286
2024-10-11,75.27149568608125,16.642709647983185,17.57815280797267,29.62738317671197
2024-10-12,79.18616647102074,18.39538941973,19.37223500732711,29.1622290276438
2024-10-13,78.54020621675399,10.350287086562822,11.21875491919334,28.98649418785225
2024-10-14,77.59921263585312,16.71500081457168,18.64474095915688,29.443253063565304
2024-10-15,75.5997331264858,17.776018801425757,19.37617923138642,30.106342763182365
2024-10-16,78.19641752818491,10.529394083973475,11.097124680484653,29.143502412006885
2024-10-17,72.80269021470876,10.92594412466226,11.32959313362455,30.589171293548613
2024-10-18,74.51156015030803,11.185425800543678,11.40191488912708,29.79736685736199
2024-10-19,75.15302228582114,12.487873716308052,13.197748247483604,29.07157117746298
2024-10-20,72.75984410135051,10.725038353523814,11.50971338989064,29.82447260427719
2024-10-21,76.32559491113572,13.246681563986735,13.603462707075249,29.46145769081913
2024-10-22,67.95508909616532,16.32978999453513,16.703257237308957,30.104625796502507
2024-10-23,64.64194167556639,13.572349002572002,13.829236815274497,30.560670539833296
2024-10-24,76.02472077485689,16.126305920647194,16.36820011937791,29.094431339195484
2024-10-25,76.43106326857837,17.081872645750533,17.930369088807996,29.12383571086873
2024-10-26,72.61508952740526,11.579907167320933,12.187831555681,29.356325396929
2024-10-27,73.22667790033687,8.890147557687644,9.2430089900658,29.611713691889783
2024-10-28,77.74454719423355,9.46722178159351,9.566383870783074,29.04825720103777
2024-10-29,75.29664965021361,12.680410925692186,12.869636089086484,29.93578157003037
2024-10-30,74.72102369231222,22.46351869209119,24.20234747894068,29.91965973974975
2024-10-31,75.55421867136889,17.472734672518897,18.70232987714924,29.63598460446244
2024-11-01,74.9249504982436,16.100641475231793,16.57797032964682,29.50804754708498
2024-11-02,72.14265098948113,9.897987278673458,10.10556946078727,29.98725212469705
2024-11-03,73.12216612049845,15.309795224322697,15.72055183074778,30.076952268537976
2024-11-04,75.06881604333869,12.64306767138422,12.944341501771255,29.713906944775307
2024-11-05,79.77863534821137,13.462113643611412,13.84104823474234,28.65925897853371
2024-11-06,78.97393919360808,5.927759401547992,6.154093902603981,28.55193735844952
2024-11-07,79.40167446851653,7.809636653431005,7.844015206221055,28.537045296316872
2024-11-08,76.4610130016463,6.044964064589943,6.101825160543683,29.130496397889605
2024-11-09,80.95038088634007,4.861788847538765,4.9419789738136215,28.25401532896868
2024-11-10,84.92434709469428,7.924711090714907,8.04460901914292,27.33786073613137
2024-11-11,77.00001829099095,4.9866020566834655,5.1563442017351,29.36494438171744
2024-11-12,76.82990893125982,5.426533178564849,5.574525153301079,30.15900380634692
2024-11-13,83.21489381385125,13.92476812608725,15.002032597702415,27.587883762855416
2024-11-14,78.93132401515263,15.6281932858503,16.099873710963102,29.51445602085173
2024-11-15,77.45405384279894,16.515298711515836,17.09378377021333,30.05525568877725
2024-11-16,73.84400493414884,22.371379602685312,23.81264046691287,30.3322444444834
2024-11-17,77.14103488870293,13.749794065925698,14.629844938851893,29.792518494090768
2024-11-18,75.47348791262884,13.935188796449214,14.311736788468016,29.874867849285987
2024-11-19,72.76040766545391,12.733069921322334,13.055036307883038,30.24019890606232
2024-11-20,69.86482781400773,10.903109963187704,11.01692489295418,30.645917404301542
2024-11-21,77.14357277430894,7.253373916572073,7.328327655099557,28.9072076445402
2024-11-22,82.0507905347594,4.956227155409654,5.1511264174674505,28.17774138534146
2024-11-23,82.35260043964246,5.938242589107564,6.141213452821464,27.91718409189608
2024-11-24,80.40389576041129,6.268074477940189,6.301054108752676,28.98467389015938
2024-11-25,80.34480112994721,4.050782773374697,4.069091391135461,28.97180184941206
2024-11-26,82.76370511971797,5.4465810422033725,5.565697372037325,28.55193177109146
2024-11-27,84.9602132852613,10.666272214076166,10.802504182727168,27.09130118276581
2024-11-28,76.40187806558927,10.320112091231296,10.503515452830497,26.897218697217536
2024-11-29,85.06762183833219,4.4604578297948985,4.566228965361114,26.79998166725993
2024-11-30,81.98859768721718,7.01381176405076,7.024246678965196,27.7810046951561
2024-12-01,80.38921984251895,16.65881708519206,17.030984988517126,28.264043056141627
2024-12-02,78.10902671177791,11.975628925412058,12.164701542523892,29.29936323171785
2024-12-03,81.82224322328607,15.92876236724064,16.123656903842868,28.788074201287813
2024-12-04,76.4291784740474,17.321877481168492,17.842787609648063,29.613759799667832
2024-12-05,79.96261272363583,11.273130723892066,11.39199930946466,28.694313789144484
2024-12-06,78.98004300914108,8.978935003476012,9.183091592139116,29.00923031889312
2024-12-07,79.6191031600527,11.229326888286057,11.254155766127532,29.023334503072668
2024-12-08,78.02736866013717,12.004689510744836,12.123826529327957,29.661258747958485
2024-12-09,78.67379643081267,10.387871367754167,10.698312989472242,29.33500049919183
2024-12-10,82.43364372222318,9.699841612305176,9.779602568815244,28.07197464531356
2024-12-11,79.76066274235441,13.614195950793322,13.963314365013158,29.12312029154803
2024-12-12,74.14730428075579,16.70185986367475,17.223099243172758,29.8034310891412
2024-12-13,84.29874695048049,20.030531760291485,20.96147857333818,27.65685901933338
2024-12-14,85.07095654653828,9.89872602629081,10.05506971222139,27.33276910804528
2024-12-15,84.50393637009266,6.005667241848901,6.322091347176188,27.510769899171084
2024-12-16,78.3658122568077,3.1997575717306126,3.212387738296753,29.219056121232327
2024-12-17,83.2539366435685,5.925338362390843,6.130171409707866,27.71541924774077
2024-12-18,79.94919617732393,13.456605118303951,14.04920478655923,28.56740194701237
2024-12-19,76.55748398805652,14.923041823201965,15.304797142733753,29.20240576156402
2024-12-20,78.26851921253397,13.866019505543871,14.231352012131666,28.61372378763853
2024-12-21,72.76194212631968,16.893639777080445,17.850595098897703,29.268963550609566
2024-12-22,70.06790376814813,17.378781655548476,17.874155303278688,29.72969843815919
2024-12-23,69.82576070238082,20.469180821949625,20.662506360904203,29.39152745564668
2024-12-24,76.77548741415339,22.063710642226955,22.78305204050674,28.388112304604885
2024-12-25,72.82446313009879,22.89721663867696,24.518463376241108,28.96460708870766
2024-12-26,72.08192682348695,24.86872872142765,28.330272334071346,29.49088592770297
2024-12-27,72.11265707937412,15.228186110943271,15.901224518356168,30.28389439222552
2024-12-28,78.68660599747363,7.834613626371836,8.097934078623544,29.20029957739108
2024-12-29,75.32860342951444,4.19095572833307,4.221582494616841,29.396401880155764
2024-12-30,75.96890391677104,5.805769870516836,5.822255010717423,28.78903086450292
2024-12-31,72.72139415099316,21.984445258929483,23.28587612845972,29.316568490298867
2025-01-01,58.225438777319454,19.60437024617552,25.23102374729421,32.38978135994888
2025-01-02,73.62652919752435,23.612257128008192,24.996678741876767,29.04036552792432
2025-01-03,70.95296164766074,21.27086362559303,22.109016955463705,29.975018612983074
2025-01-04,72.94782710930858,24.553138188462576,26.5085153377109,30.002679160095035
2025-01-05,75.15951122711171,17.133051877259984,19.368747502699133,29.305386409881915
2025-01-06,72.40849075394114,20.0542742249116,21.73938736987979,29.40394054236886
2025-01-07,69.94745191495724,28.56515390405044,31.213421653077283,29.945804892889576
2025-01-08,68.18242515776133,25.548441832412017,27.654244284987897,30.15588003256985
2025-01-09,65.23862167055624,27.916690972615868,31.383545903030427,30.5413754786016
2025-01-10,68.22701041163835,30.19765730046212,33.87687693868037,30.387130048080007
2025-01-11,69.57439169620378,27.04731919433745,29.28005097744121,29.67538215917484
2025-01-12,76.67004869212228,24.701075361576383,25.76323681964232,28.06416637279177
2025-01-13,74.41339115228423,25.6274455136422,27.834469673021573,27.56985888995536
2025-01-14,63.04096565717398,31.1162543030467,34.66466401757739,29.446083402604856
2025-01-15,67.05473377742982,30.5341497630902,33.66900071717079,30.02857716328141
2025-01-16,82.66052490248329,23.279371257430743,28.22735094876833,27.579601879313223
2025-01-17,77.32276579772213,7.634426070044715,8.238667527297741,28.372629780451472
2025-01-18,77.70494278901947,10.804096097176789,11.284080084366542,27.62524578181417
2025-01-19,80.97562472097871,24.578528916461483,26.88685860370737,27.767468376088736
2025-01-20,78.98984182818747,27.465179841863662,29.15431319744457,28.42219219428864
2025-01-21,69.40706928401448,12.929352268522418,12.976799795809962,29.81210056931182
2025-01-22,69.90421321335639,22.33159355209689,23.18538485023705,29.581996962204528
2025-01-23,69.14297924719455,28.33071182156928,30.04901254828942,29.93819981680985
2025-01-24,71.4977338108722,22.2672509114962,23.69472111679544,29.6965900548715
2025-01-25,80.26710731766755,12.743139267577313,12.890789664738811,28.47695196739607
2025-01-26,75.12897864142235,20.44987503008061,21.11284437505404,29.487274448572293
2025-01-27,73.27791873225979,12.79698493690914,13.466468118658234,29.71129845172067
2025-01-28,67.8355743471307,13.615431167795544,13.808288618072469,29.4750525783241
2025-01-29,69.52954471100828,12.874545867660666,13.07062762048952,29.01236219726788
2025-01-30,66.98561980864872,17.997913267552452,18.88564714122997,28.75040671098332
2025-01-31,65.43844759574485,17.863616031694725,18.69907422871226,28.44004389005963
2025-02-01,65.91934940013496,26.25512539676357,28.59560193981783,28.874130624986257
2025-02-02,66.96037995689731,26.8748073200251,29.582299321125213,28.758777968759187
2025-02-03,65.06974105837159,24.779572129385667,26.23924347999136,29.002340144489303
2025-02-04,68.13301167519704,20.997986398318847,22.587627997198627,29.1531564286272
2025-02-05,67.91952154687777,11.32200485177737,11.823378437800717,29.37709588657189
2025-02-06,66.61677663285721,13.65386401132283,14.124824922385947,29.65976608973249
2025-02-07,68.17178227357537,19.30299656777479,20.12101093669133,29.14378516903605
2025-02-08,67.37239795841887,20.8263616912838,21.653077070631024,29.4587142048118
2025-02-09,66.67117765982083,16.777012123816668,17.445161222150755,29.38909895384141
2025-02-10,67.73555466951318,20.06941676680988,20.9044715860987,29.468543048487337
2025-02-11,67.11191523416488,23.73784482969636,25.38434512068285,29.5574084119922
